source_id,filename,authors,year,title,publication,doi,source_type,countries,data_source,survey_years,study_population,sample_size,main_outcomes,nutrition_measures,wash_exposures,geographic_level_exposure,exposure_type,method,geographic_fe,other_controls,weighting,main_findings,key_numerical_results,thesis_interpretation,limitations_stated,additional_limitation_for_our_design,thesis_role,priority,verification_status,page_refs
S01,Worldwide Timing of Growth Faltering Revisiting.pdf,"Victora CG, de Onis M, Hallal PC, Blossner M, Shrimpton R",2010,Worldwide Timing of Growth Faltering: Revisiting Implications for Interventions,Pediatrics 125(3):e473-e480,10.1542/peds.2009-1519,peer-reviewed article,54 countries pooled (5 WHO regions; AFRO incl. Ethiopia/Ghana/Kenya/Nigeria),WHO Global Database on Child Growth and Malnutrition (52 DHS + 2 MICS),1994-2007 (54 surveys),Children 1-59 months,"54 national datasets, 1,000-47,000 per country","WAZ, HAZ, WHZ by month of age","WAZ, HAZ, WHZ continuous z-scores",None (no WASH variable),NA,other/not applicable,Descriptive comparison of unweighted mean z-scores by age vs WHO 2006 standard; no regression,None,None (descriptive only),Explicitly NOT weighted (stated limitation),Growth faltering (esp. HAZ) more pronounced/earlier than NCHS reference suggested; AFRO shows early marked WAZ faltering in year 1,AFRO WAZ faltering rate -0.09 z/month in year 1,Background rationale for 0-59 month age range and HAZ/WAZ/WHZ as standard outcomes; establishes 'window of opportunity' framing,Measurement error in infants; excluded <1mo; age heaping; cross-sectional survivor bias; unweighted; small SEARO/EMRO samples,"No WASH content at all; purely descriptive, no design/FE/clustering precedent",Introduction/background,Background,"Verified (full-text deep read, prior audit)",Abstract; e473 (conclusions); Fig.4 (AFRO/SEARO faltering)
S02,2013 Maternal 2.pdf,"Black RE, Victora CG, Walker SP, Bhutta ZA, Christian P, de Onis M, et al.",2013,Maternal and child undernutrition and overweight in low-income and middle-income countries (Lancet Series 1),The Lancet 382:427-451,10.1016/S0140-6736(13)60937-X,peer-reviewed article,"Global/LMIC (Africa, Asia, Americas regional breakdowns)","WHO/UNICEF/World Bank joint child malnutrition estimates (639 surveys, 142 countries); NIMS Bayesian model; meta-analyses of RCTs/cohorts","Trend data 1980-2011, projections to 2025",Children under 5; mothers,Aggregated global/regional estimates; sub-analyses vary (e.g. 19-22 cohort studies for SGA),"Stunting/wasting/underweight prevalence, mortality, overweight/obesity","Stunting/wasting/underweight (<-2SD), overweight/obesity prevalence",WASH listed only as one determinant in conceptual framework (Figure 1); no empirical WASH estimate,NA,other/not applicable,Narrative synthesis + population attributable fraction (PAF) calculations + Bayesian hierarchical modeling (NIMS) + meta-analyses,None,Varies by cited sub-analysis,Population-weighted regional prevalence averages,"Undernutrition causes ~3.1 million child deaths/yr (45% of all under-5 deaths, 2011); Africa only region where stunted child COUNT increased",3.1 million deaths/yr; stunting affects >=165 million children <5 globally,"Motivates burden-of-disease scale; situates WASH as one 'nutrition-sensitive' determinant in standard conceptual framework, not itself WASH evidence",Vitamin A/zinc mortality estimation uncertainty; explicit 'Panel 2: what this paper does not cover' excludes dedicated WASH empirical analysis,"Provides no regression design, FE, or exposure-construction precedent of any kind",Introduction/background,Supporting,"Verified (full-text deep read, prior audit)",Key messages panel; Figure 1 (conceptual framework); Panel 1 (diarrhoea-stunting pooled analysis)
S03,Maternal and child undernutrition consequences for adult.pdf,"Victora CG, Adair L, Fall C, Hallal PC, Martorell R, Richter L, Sachdev HS",2008,Maternal and child undernutrition: consequences for adult health and human capital (Lancet Series 2),The Lancet 371:340-357,10.1016/S0140-6736(07)61692-4,peer-reviewed article,"Brazil, Guatemala, India, Philippines, South Africa (5 cohorts; none of thesis's 4 countries)","5 prospective birth-cohort studies (Pelotas, INCAP Guatemala, New Delhi, Cebu, Soweto Birth-to-Twenty)","Cohorts recruited 1969-1990, followed to ages 15-41",Birth cohorts followed to adulthood,"5,914+2,392+8,181+3,080+3,273 at recruitment across 5 sites","Adult height, schooling, income, offspring birthweight, BMI, blood pressure, glucose, CVD","Maternal height, birthweight/IUGR, WAZ/HAZ/BAZ at 2 years",None,NA,other/not applicable,"Cohort-specific multiple linear regression (confounder-adjusted), pooled via random-effects meta-analysis (Q-test heterogeneity)",None (cohort-specific models),"Age at outcome, maternal/paternal schooling, childhood SES (asset PCA)","Not applicable (longitudinal cohorts, not survey-weighted)","HAZ at 2y is strongest predictor of adult human capital; 1 SD HAZ gain = ~0.50 more school years, 3.2cm more adult height (pooled)",Pooled: 0.50 school-years per 1 HAZ-SD (p<0.0001); 3.2cm adult height per 1 HAZ-SD,"Strongest evidence for why HAZ is the theoretically preferred primary outcome; entirely about downstream consequences, not WASH","Observational, residual confounding cannot be ruled out; cohorts too young to assess life expectancy; glucose/BP associations inconsistent","No WASH content, no DHS data, no country overlap with thesis; not a design precedent",multiple,Supporting,"Verified (full-text deep read, prior audit)",Key messages; Table 3 (pooled HAZ->schooling/height estimates); Discussion (observational caveat)
S04,1-s2.0-S0095069622000626-main.pdf,"Blom S, Ortiz-Bobea A, Hoddinott J",2022,Heat exposure and child nutrition: Evidence from West Africa,Journal of Environmental Economics and Management 115:102698,10.1016/j.jeem.2022.102698,peer-reviewed article,"Benin, Burkina Faso, Cote d'Ivoire, Ghana, Togo","DHS geo-referenced surveys linked to Global Meteorological Forcing Dataset (GMFD, 0.25 deg grid)","15 DHS rounds 1993-2014 (Ghana: 1993,1998,2003,2008,2014)",Children 0-36 months (analytic: 3-36 months),"34,994 total; 32,036 after exclusions",HAZ/stunting (chronic); WHZ/wasting/severe wasting (acute); diarrhea/fever (mechanism checks),"HAZ, WHZ continuous (primary); stunting, wasting, severe wasting binary (robustness)","Household water source (well/piped/neither) and improved-latrine status used ONLY as controls, not the exposure of interest",Household-level controls; heat exposure at grid-cell (0.25deg) / region level,"household-level (for the WASH controls specifically; heat exposure itself is grid/region-level, not WASH)","OLS with high-dimensional FE: cell x interview-month x interview-year FE (HAZ models); region x month / region x year FE (WHZ models, since clusters not repeated)",Grid-cell x month x year (chronic outcomes); admin-region x month/year (acute outcomes) - explicit fallback due to non-repeated DHS clusters,Child sex/age/birth size/eldest-status; mother age/education/height; household water/latrine/wealth; precipitation bins,Not stated as using DHS sampling weights in reported models,"Lifetime heat >35C decreases HAZ, increases stunting; recent (90-day) heat 30-35C decreases WHZ, increases wasting",100hrs/month >35C: HAZ -0.17 to -0.30 SD; stunting +5.9pp (18% relative); +2C projected: stunting effect nearly doubles (4.0->7.4pp),"Closest econometric analogue found: same DHS+geo-cluster framework, continuous HAZ/WHZ primary + binary stunting/wasting robustness tier exactly matches thesis structure; admin-region FE used specifically because DHS clusters aren't repeated across rounds - direct precedent for thesis's choice of region FE over spatial grid",WHZ/acute models 'cannot be thought of as causal' (authors' own words) since clusters not repeated; GPS displacement 'has potential to bias estimates downward'; survivor-selection bias in youngest children possible,"Exposure of interest is temperature, not WASH; water/latrine are simple household controls, not cluster-level LOO exposure - does not validate the thesis's exposure construction, only its FE/tiering choices",multiple,Supporting,"Verified (full-text deep read, prior audit)",Abstract; Table 11 (water/latrine coefficients); Section 5.3 (single-country FE instability); Fig.8 (+2C projection)
S05,s12887-019-1545-0.pdf,"Gebru KF, Haileselassie WM, Temesgen AH, Seid AO, Mulugeta BA",2019,Determinants of stunting among under-five children in Ethiopia: a multilevel mixed-effects analysis of 2016 Ethiopian demographic and health survey data,BMC Pediatrics 19:176,10.1186/s12887-019-1545-0,peer-reviewed article,Ethiopia,2016 Ethiopian DHS (EDHS),2016 (fieldwork Jan-Jun 2016),Children under 5,"8,855 children, 640 clusters","Stunting (binary, HAZ<-2SD)",Stunting (binary only; no continuous HAZ regression),"Community-level source of drinking water and type of toilet (aggregated individual data, simple improved/unimproved)","Community/cluster-level (aggregated), region (Ethiopia admin regions, fixed covariate)",community/cluster-level own-inclusive (built by aggregating individual household data; no LOO exclusion described),Two-level multilevel mixed-effects logistic regression; 4 nested models; random community intercept,Region entered as fixed categorical covariate (Addis Ababa=reference) alongside random community intercept,Child age/sex/birth type/size; mother age/education/BMI/ANC/parity; father education; wealth; religion; community women's education/poverty,Sampling weights applied for descriptive/bivariate stage; NOT stated explicitly whether applied to the multilevel regression itself,National stunting prevalence 38.39%; age 24-59mo AOR=10.00 vs 0-5mo; Amhara/Tigray/Benishangul higher odds than Addis Ababa,"Stunting 38.39%; age 24-59mo AOR=10.00 (95%CI 7.71-12.98); water source AOR=1.05 (95%CI 0.90-1.22, NOT significant) in final model","Ethiopia-specific DHS precedent for region-as-covariate and multilevel clustering handling; IMPORTANT null finding - simple binary improved-water indicator NOT significantly associated with stunting once other factors controlled, in Ethiopia specifically",Explicit: 'cross-sectional...could not show causal inferences'; secondary-data variable restrictions; breastfeeding excluded (>10% missing); missing-data handling 'was also ignored',"Water/toilet is simple binary household-aggregated indicator, NOT a continuous LOO cluster rate; uses multilevel random effects instead of PSU-clustered SEs (different from thesis's approach); binary stunting only, no continuous HAZ",multiple,Supporting,"Verified (full-text deep read, prior audit)","Abstract (prevalence); Table 2 (AORs, water=1.05); Discussion (cross-sectional caveat)"
S06,Acta Paediatrica - 2007 -  - WHO Child Growth Standards based on length height  weight and age.pdf,"WHO Multicentre Growth Reference Study Group (de Onis M, Martorell R, Garza C, Lartey A); statistical analysis by Borghi E",2006,"WHO Child Growth Standards based on length/height, weight and age",Acta Paediatrica Suppl 450:76-85,10.1111/j.1651-2227.2006.tb02378.x,peer-reviewed article,"6 MGRS sites: Davis(USA), Muscat(Oman), Oslo(Norway), Pelotas(Brazil), Accra(Ghana), South Delhi(India)",WHO Multicentre Growth Reference Study (MGRS) - purpose-built prospective+cross-sectional study,MGRS conducted Jul 1997 - Dec 2003,Healthy breastfed infants/children screened for 'unconstrained growth',"8,440 total (1,737 longitudinal birth-24mo; 6,669 cross-sectional 18-71mo)","The growth-standard curves themselves: WAZ, HAZ, WHZ, BAZ percentile/z-score curves 0-60 months","HAZ, WAZ, WHZ, BMI-for-age (definitional/construction source)",None,NA,other/not applicable,Statistical curve-fitting: Box-Cox power exponential (BCPE) distribution + cubic-spline smoothing via GAMLSS; 5 candidate distributions/2 smoothing techniques compared via AIC/worm plots,"None (curve-construction methodology, not a determinants regression)","Eligibility screening (breastfeeding, non-smoking, no growth-constraining morbidity) as inclusion criteria","Not applicable (purpose-built study, not weighted national survey)","Only ~3% of length variability attributable to inter-site (country) differences vs 70% within-site individual variability, justifying single pooled international standard",Inter-site variance ~3%; average abs. diff. 0.13cm for length-for-age fit (boys 0-24mo),"Foundational/definitional source for HAZ/WAZ/WHZ construction itself - the exact standard the thesis's DHS-derived z-scores are built against. Ghana was one of 6 MGRS sites (non-representative affluent subsample, not evidence of general Ghana population applicability)",Reference population deliberately NOT representative of general child populations (screened for unconstrained growth); cannot algorithmically convert old NCHS-based prevalence to new standard,"No WASH, no association analysis, no country-representative data - purely a measurement-methodology source, cite only for HAZ/WAZ/WHZ construction, not for WASH evidence",Data/Methods,Core,"Verified (full-text deep read, prior audit)",Abstract/conclusion; Discussion (~3% inter-site variance); comparison-to-NCHS stunting statement
S07,Maternal   Child Nutrition - 2016 - Cumming - Can water  sanitation and hygiene help eliminate stunting  Current evidence.pdf,"Cumming O, Cairncross S",2016,"Can water, sanitation and hygiene help eliminate stunting? Current evidence and policy implications",Maternal & Child Nutrition 12(S1):91-105,10.1111/mcn.12258,peer-reviewed article,Global/LMIC narrative review,Narrative review of published literature incl. Cochrane review,N/A - narrative review of published literature; not a primary survey,Children under 5 (reviewed literature),N/A (review),"WAZ, WHZ, HAZ (as reviewed across cited studies)","WAZ, WHZ, HAZ","WASH interventions (reviewed, not primary data)",NA (review),other/not applicable,Narrative review,NA,NA,NA,"2013 Cochrane review of 5 experimental WASH studies: no effect on WAZ/WHZ, small significant HAZ effect (0.08 z-score overall, 0.25 for under-2s)","HAZ effect 0.08 SD (overall), 0.25 SD (children <2y)",Key review summarizing RCT evidence on WASH-HAZ association; small positive effect for young children specifically supports focusing on early-childhood window,No explicit limitations section in the source (confirmed via full-text read); this is a non-systematic narrative review and the authors do not self-flag this as a limitation,"Review, not primary DHS analysis; no exposure-construction or FE precedent",Literature review,Supporting,"Verified (full-text deep read, prior audit)",pp.91-105 (Cochrane review discussion)
S08,momberg_water_sanitation_and_hygiene_2021.pdf,"Momberg DJ, Ngandu BC, Voth-Gaeddert LE, Cardoso Ribeiro K, May J, Norris SA, Said-Mohamed R",2021,"Water, sanitation and hygiene (WASH) in sub-Saharan Africa and associations with undernutrition, and governance in children under five years of age: a systematic review",Journal of Developmental Origins of Health and Disease 12(1):6-33,10.1017/S2040174419000898,peer-reviewed article,Sub-Saharan Africa (multi-country systematic review),Systematic review of 46 SSA studies,"N/A (systematic review, not a primary survey) - literature search window: January 1990 - October 2017",Children (reviewed studies),46 studies reviewed,Child growth outcomes across reviewed studies,Varies by reviewed study (HAZ/stunting predominant),Water and sanitation access (reviewed across studies),Varies by reviewed study,other/not applicable (review),Systematic review,NA,NA,NA,Water significant in 21/46 studies; sanitation significant in 15/46 studies,21/46 studies water-significant; 15/46 sanitation-significant,"Documents the mixed/inconsistent nature of WASH-growth evidence across SSA - supports cautious, associational (not deterministic) framing of expected results",Explicit gap noted: no governance-nutrition linkage evidence found,"Review, not primary analysis; heterogeneous methods across the 46 reviewed studies limit direct comparability",Literature review,Supporting,"Verified (full-text deep read, prior audit)",pp.6-33 (review synthesis)
S09,PIIS2214109X20302783.pdf,Local Burden of Disease WaSH Collaborators,2020,"Mapping geographical inequalities in access to drinking water and sanitation facilities in low-income and middle-income countries, 2000-17 (LBD WaSH)",Lancet Global Health 8:e1162-e1185,10.1016/S2214-109X(20)30278-3,peer-reviewed article,88-89 LMICs,"DHS/MICS/other household surveys, JMP definitions, pooled",2000-2017,General population (household access),Large multi-survey pooled geospatial dataset,Water/sanitation access coverage (mapped),"N/A - outcome is WASH access coverage and diarrhoeal mortality attributable to unsafe WASH, not anthropometric/nutrition status","JMP-defined improved water/sanitation access, modeled as continuous spatial surface","Fine spatial grid (5x5km), via Bayesian geostatistical modeling","other/not applicable (spatial-grid geostatistical exposure surface, not a cluster/household regression exposure)",Bayesian geostatistical modeling (INLA/SPDE),Spatial random field (not FE in the panel-regression sense),Not detailed in main text - Methods (p.e1164) references 'seven gridded-raster covariates' used in the ensemble stacking model; full list in online supplementary appendix (not held locally),"N/A in the DHS-pweight sense (Bayesian geostatistical model); closest relevant statement: 60.2% of water data / 69.3% of sanitation data 'by weighted sample size' were geopositioned points (Methods, p.e1164)","Substantial sub-national geographic inequality in WASH access within countries, not just between countries","Piped water access (LMICs) rose from 40.0% [95% UI 39.4-40.7] to 50.3% [50.0-50.5], 2000-2017; in SSA, 143,300 [126,100-163,000] under-5 deaths in 2017 attributable to unsafe water (18,100 [15,700-21,200] averted since 2000); 182,300 [159,900-208,200] deaths attributable to unsafe sanitation (10,100 [8,970-11,400] averted)","Represents the SPATIAL-GRID/geostatistical alternative design an earlier version of the thesis considered and did not adopt - cite as the road not taken, not as validating the thesis's actual region-FE design",Explicit 8-point limitations discussion (p.e1173): (1) data insufficient for reliable SDG indicator estimates; (2) intra-urban disparities not fully captured; (3) areal survey data smoothed into geopositioned points; (4) conflicts/climate disasters not captured; (5) survey reporting biases; (6) inequality analysis limited to access only; (7) population-estimate uncertainty; (8) survey-design/stacking-procedure uncertainty not propagated,Different exposure-modeling philosophy entirely (continuous geostatistical surface vs. cluster-level regression exposure); risk of over-citing as supporting the as-built design,Discussion,Supporting,"Verified (full-text deep read, prior audit)",e1162-e1185 (overview)
S10,s12916-019-1410-x.pdf,"Cumming O, Arnold BF, Ban R, Clasen T, Esteves Mills J, Freeman MC, Gordon B, Guiteras R, Howard G, Hunter PR, Johnston RB, Pickering AJ, Prendergast AJ, Prüss-Üstün A, Rosenboom JW, Spears D, Sundberg S, Wolf J, Null C, Luby SP, Humphrey JH, Colford JM Jr.",2019,"The implications of three major new trials for the effect of water, sanitation and hygiene on childhood diarrhea and stunting: a consensus statement",BMC Medicine 17:173,10.1186/s12916-019-1410-x,peer-reviewed article,"Bangladesh, Kenya, Zimbabwe (RCT sites)","3 major RCTs: WASH-Benefits Bangladesh, WASH-Benefits Kenya, SHINE Zimbabwe",Not established from source,Children in RCT arms,Per-trial (not aggregated in this consensus statement),"Child linear growth (HAZ), diarrhea",HAZ (linear growth),"Basic WASH intervention packages (RCT-assigned, not observational coverage rates)",Household/individual (RCT-randomized),"other/not applicable (RCT-assigned intervention, not an observational cluster measure)",Consensus statement synthesizing 3 cluster-randomized controlled trials,NA (RCT),NA (RCT design),NA,"ALL THREE major RCTs (WASH-Benefits Bangladesh/Kenya, SHINE Zimbabwe) found NO CAUSAL EFFECT of basic WASH interventions on child linear growth; mixed effects on diarrhea",Null causal effect on HAZ across all 3 RCTs (genuine causal identification via randomization),"CRITICAL TENSION SOURCE: these are genuine causal (RCT) null findings on WASH->linear growth, directly in tension with a simple 'WASH improves child nutrition' motivating narrative; must be addressed explicitly, not glossed over, when interpreting the thesis's own cross-sectional associational estimates",Basic WASH package intensity/duration may be insufficient; trials conducted in specific contexts (Bangladesh/Kenya/Zimbabwe) not generalizable without caveat,These are causal RCT findings; the thesis's own design is explicitly associational/cross-sectional and CANNOT resolve or confirm/refute this causal null result - framing must acknowledge this asymmetry,Discussion,Core,"Verified (full-text deep read, prior audit)",BMC Medicine 17:173 (whole article - consensus statement)
S11,Rakotomanana_2020_JMP_LinearGrowth_EastAfrica.pdf,"Rakotomanana H, Komakech JJ, Walters CN, Stoecker BJ",2020,"The WHO and UNICEF Joint Monitoring Programme (JMP) Indicators for Water Supply, Sanitation and Hygiene and Their Association with Linear Growth in Children 6 to 23 Months in East Africa",International Journal of Environmental Research and Public Health 17(17):6262,10.3390/ijerph17176262,peer-reviewed article,"8 East African countries analyzed separately, including Kenya","Kenya DHS 2015 (KDHS), among 7 other countries' DHS rounds",Kenya 2015,Children 6-23 months,"Kenya: n=3,978 final analytic sample (from 21,718 original -> 6,641 with WASH data -> 3,978 with complete anthropometry), Table 1 p.3",LAZ (length-for-age z-score),"LAZ, continuous","Household-level WHO/UNICEF JMP water/sanitation ladder categories (improved/unimproved, further disaggregated basic/limited/surface-water or open-defecation/unimproved/limited/basic sanitation), coded from household-level DHS variables","Household-level (JMP ladder categories, individual household service level)",household-level (own-inclusive by construction; individual household measure - CONFIRMED via full-text deep read: no cluster/community-level aggregation used anywhere in this paper),Country-specific/stratified multivariable linear regression: unadjusted -> adjusted for covariates -> adjusted for other WASH indicators,Not applicable - country-specific separate regressions; no pooled model or admin-region FE used (p.4),"Child sex, age, breastfeeding status; maternal education, age, height; household wealth index, urban/rural residence (Section 2.4 p.4; Table 4 footnote p.8)","Descriptive statistics explicitly weighted, accounting for survey clustering (Section 2.5, p.4); not stated whether the linear regression models (Tables 4-6) themselves apply survey weights","CONFIRMED: Kenya-specific safely-managed-water coefficient is beta=0.13 (p<0.01), R2=0.20 for the fully-adjusted LAZ model (Abstract p.1; Table 4 p.8). The coefficient is directly citable; the earlier open discrepancy is resolved.","CONFIRMED: Kenya safely-managed-water coefficient beta=0.13 (p<0.01), R2=0.20, fully-adjusted model of LAZ (Abstract p.1; Table 4 p.8)","Best available DHS-based, Kenya-specific, anthropometric-outcome WASH regression found in the literature search - fills the Kenya-specific evidence gap at the level of exposure/outcome/data-source match; exact Kenya coefficient (beta=0.13, R2=0.20) is confirmed and directly citable",Cross-sectional design precludes causal inference; missing handwashing data prevented hygiene-LAZ modeling in Kenya/Rwanda/Zambia; social desirability and recall bias inherent to survey data (p.12),"Household-level JMP-ladder exposure, not cluster-level or leave-one-out; different exposure operationalization from thesis's continuous coverage-rate approach",multiple,Core,"Verified (full-text deep read; Kenya-specific coefficient confirmed - beta=0.13, R2=0.20, Table 4 p.8)",Whole document (14pp) read; exact Kenya-table page not isolated in this pass
S12,Skoufias_Vinha_2026_CommunityExternalities_ChildHealth_SSA.pdf,"Skoufias E, Vinha K",2026,Community-level externalities in child health: Evidence from Sub-Saharan Africa,PLOS One,10.1371/journal.pone.0341218,peer-reviewed article,20 SSA countries including Ghana and Nigeria,Harmonized DHS via IPUMS-DHS,"Multiple DHS rounds per country, 2000-2018 (Table 1, p.4); data first accessed 2 April 2021",Children under 5,"Fever: n=80,856 urban / 183,086 rural; Diarrhea: n=80,897 / 183,100; HAZ: n=71,656 / 162,824 (Tables 3-8, pp.9-14)",HAZ; fever/diarrhea (2-week recall),"HAZ, continuous","Community-level 'fraction of households in cluster with improved water' / 'fraction of households in cluster with improved toilet' (Tables 3-8, pp.9-13)",Community/cluster-level (DHS cluster),"community/cluster-level own-inclusive - CONFIRMED via exact quote (p.7): the paper explicitly discusses 'non-self means' (i.e. leave-one-out) as a known alternative practice in the literature but states 'In our analysis we calculate community level means based on the sample of households with children under 5 years of age' (own-inclusive), calling the choice between the two 'an empirical question' it does not resolve. NOT leave-one-out.","Correlated-random-effects/Mundlak hybrid decomposition of within- vs between-cluster effects (equations 4-8, pp.6-7)","Not applicable - no country/admin-region FE; model uses CRE/Mundlak hybrid decomposition with survey year and month dummies instead (eqs.4-8, pp.6-7)","Child age (7 categories), sex, first-born status, mother's height >160cm, roof quality, household size, number of children under 5, travel time to urban center, wealth quintile, year/month survey dummies (pp.5-6; Table 3 footnote)","Not reported - no mention of DHS/IPUMS sampling weights anywhere in the article; only intra-cluster-correlation-corrected SEs are used (Table 3 note, p.9)","Community toilet coverage positively/significantly associated with child HAZ in URBAN areas (Table 7, p.13); in RURAL areas the linear between-cluster toilet effect on HAZ is NEGATIVE (Table 8, p.14, collinearity-flagged, see caveat p.12). A separate quadratic analysis of FEVER (not HAZ) in rural areas finds increasing returns to toilet coverage up to a ~59% threshold (Table 10).","The ~59% increasing-returns threshold applies to FEVER in rural areas (Table 10 col.2, p.14), NOT to HAZ. For HAZ specifically, the rural between-cluster toilet-coverage coefficient is NEGATIVE (Table 8, Hybrid-All col.5: -0.0723, t=-2.73, p.11); only the URBAN HAZ effect is positive/significant (Table 7, col.5: 0.1805, t=5.59, p.13).","Closest empirical analogue to thesis in country overlap (Ghana+Nigeria), outcome (HAZ), and data source (DHS via IPUMS) - CONFIRMED Type B precedent (own-inclusive community exposure, explicitly NOT leave-one-out) for the thesis's cluster-level WASH exposure approach; must NOT be cited as validating the leave-one-out construction specifically","Small-cluster-size attenuation bias discussed (pp.7-8); rural-area collinearity between within/between water and toilet coefficients flagged (p.12); 'the measure of improved water may not indicate safe water, especially if non-piped' (p.15)","Own-inclusive (confirmed) vs. thesis's leave-one-out construction - distinct, explicitly acknowledged-as-different methodological choices; paper itself flags this as an open empirical question",multiple,Core,Verified (full-text deep read; exposure-construction question definitively resolved),p.6-7 (community-mean definition/equations 4-8); p.7 (non-self-means/leave-one-out acknowledgment quote); Tables 3-8 pp.9-13 (results)
S13,Addae_et_al_2024_Ghana_Stunting_Wasting_WASH.pdf,"Addae HY, Sulemana M, Yakubu T, Atosona A, Tahiru R, Azupogo F",2024,"Low birth weight, household socio-economic status, water and sanitation are associated with stunting and wasting among children aged 6-23 months: Results from a national survey in Ghana",PLOS ONE 19(3):e0297698,10.1371/journal.pone.0297698,peer-reviewed article,Ghana,"CONFIRMED via exact quote (Abstract, p.1): 'This is a secondary data analysis of the most recent (2017/2018) Ghana Multi-Indicator Cluster Survey (MICS) datasets.' Data source is MICS, NOT DHS.",2017/2018,"Mother-child pairs, children 6-23 months","n=2,529 (12.1% wasted, 15.9% stunted)","Stunting (HAZ<-2), wasting (WHZ<-2), binary","Stunting, wasting (binary)",Household-level binary: protected/unprotected water source; improved/unimproved/open-defecation toilet,Household-level,household-level,"Two-stage sampling (660 enumeration areas, p.3); complex-sample logistic regression (SPSS), bivariate then backward multivariate","Not stated (adjusts for survey clustering/stratification, not admin-region FE)","Low birth weight, household SES",Complex-sample design weighting applied (survey clustering/stratification adjusted),"Bivariate: unimproved toilet -> wasting OR=2.01 [95%CI 1.05,3.85] p=0.035; open defecation -> stunting OR=2.07 [1.19,3.59] p=0.010; unprotected water -> wasting OR=1.97 [1.07,3.62] p=0.029. Multivariable wasting: unimproved toilet AOR=2.16 [1.03,4.55] p=0.042, unprotected water AOR=2.55 [1.22,5.34] p=0.013 (Nagelkerke R2=0.200). Multivariable stunting: improved toilet (vs open defecation) AOR=0.57 [0.37,0.88] p=0.011 (Nagelkerke R2=0.14); unimproved toilet NOT significant for stunting (AOR=0.99 [0.60,1.64] p=0.984)","Improved toilet AOR=0.57 for stunting (43% lower odds vs open defecation, p=0.011); unprotected water AOR=2.55 for wasting (p=0.013)","Best available Ghana-specific WASH-anthropometric regression found - fills Ghana evidence gap, but CONFIRMED MICS data, not DHS - must be flagged explicitly as a different (though comparable, UNICEF-designed) survey program, not pooled with the thesis's own DHS-based estimates",Exact quote (p.15): 'The main limitation of this study is its inability to infer causality of its findings due to the inherent limitation of cross-sectional studies'; birth weight based on maternal recall; 'A limitation attributable to the MICS not including an extensive number of nutrition-centred variables',"MICS not DHS - different survey program (confirmed, not to be conflated); household-level exposure not cluster-level/LOO",multiple,Core,Verified (full-text deep read),p.1 (abstract/data source quote); p.3 (sampling); Tables 3-5 pp.10-13 (results); p.15 (limitations)
S14,Determinants of Maternal Health Care.pdf,"Ononokpono DN, Odimegwu CO",2014,Determinants of Maternal Health Care Utilization in Nigeria: a multilevel approach,Pan African Medical Journal 17(Supp 1):2,10.11604/pamj.supp.2014.17.1.3596,peer-reviewed article,Nigeria,2008 Nigeria DHS (NDHS),"2008 (births in preceding 5 years, ~2003-2008)",Women 15-49 with a birth in the past 5 years,"17,542 women, 886 clusters/PSUs",Place of delivery (binary: facility vs home),"None (maternal health service utilization outcome, not anthropometric)",None (not a WASH study),"Region of residence (6 categories, admin-level covariate)",other/not applicable,Two-level multilevel mixed-effects logistic regression; 4 nested models; adaptive Gaussian quadrature (Stata 11.1),"Region of residence (6 categories, North Central=reference) as fixed effect + random community intercept","Maternal age/education/religion/ethnicity/occupation/autonomy/parity, wealth index; community women's education, ethnic diversity",Not explicitly stated whether DHS survey weights applied - Not established from source,Women in North East/North West Nigeria markedly lower odds of facility delivery than North Central; community women's education strongly positive predictor,"North East AOR=0.362, North West AOR=0.215 vs North Central (Model 4)",Nigeria-specific DHS precedent for admin-region-as-fixed-effect + multilevel-cluster handling; explicit cross-sectional/non-causal framing parallels thesis's own,PSU as community proxy may bias via selection; distance-to-facility omitted; ecological aggregation problem for community vars; recall bias; explicit: 'cross-sectional nature...does not allow for cause-effect inferences',Not a WASH or nutrition study; uses multilevel random effects not PSU-clustered sandwich SEs (different clustering approach than thesis),multiple,Supporting,"Verified (full-text deep read, prior audit)",Abstract; Table (Model 4 ORs); Discussion (cross-sectional limitation)
S15,Forest cover associated with improved child health and.pdf,"Johnson KB, Jacob A, Brown ME",2013,Forest cover associated with improved child health and nutrition: evidence from the Malawi Demographic and Health Survey and satellite data,Global Health: Science and Practice 1(2):237-248,10.9745/GHSP-D-13-00055,peer-reviewed article,Malawi,2010 Malawi DHS + MODIS VCF/NDVI satellite data (5km resolution),2010,"Children <3y (diet outcomes) or <5y (stunting, diarrhea)","9,166 (diet); 12,831 (diarrhea); 3,173 (severe stunting)","Severe stunting (HAZ<-3SD), dietary diversity, vitamin-A food consumption, diarrhea (2wk)","Severe stunting (binary, HAZ<-3SD)",None as primary exposure - household toilet/water access used ONLY as controls in the diarrhea model; primary exposure is forest cover (satellite-derived),DHS-cluster-GPS-linked 5km-radius satellite forest cover,"other/not applicable (environmental/geospatial exposure, not WASH; WASH vars are household-level controls only)",Unweighted multivariate binomial logistic regression (odds ratios),None,"Child age, mother's education, urban/rural, wealth quintile, years resident, NDVI; diarrhea model adds toilet/water controls",Explicitly UNWEIGHTED (stated: 'we conducted multivariate analyses using unweighted binomial logistic regressions'),"Net forest-cover loss (2000-2010) -> 19% less likely diverse diet, 29% less likely vitamin-A food; higher forest cover -> lower diarrhea odds; NO significant stunting association with forest cover","Net loss: -19% diverse diet, -29% vit-A food; 50-59% forest cover: diarrhea OR=0.08 (P<.05); net gain: -34% diarrhea odds (P=.002); stunting: not significant (marginal P=.058 in unexpected direction)","Direct precedent for DHS-cluster-GPS-linked geospatial exposure construction (though environmental, not WASH); explicit 'association not causation' framing precedent; the null stunting result (vs significant diarrhea/diet results) is a genuine unexplained anomaly the authors themselves flag","Explicit: 'these preliminary findings demonstrate only associations, not causal relationships'; no water-quality testing despite hypothesizing water pathways; coarse 5km satellite resolution","Exposure is forest cover, not WASH; unweighted, no PSU-clustering described - does not validate the thesis's weighting/clustering choices; only WASH content is as a control variable",multiple,Supporting,"Verified (full-text deep read, prior audit)",Results (dietary diversity/vit-A/diarrhea ORs); Discussion (associations not causal quote); stunting P=.058 anomaly
S16,Population Space and Place - 2004 - Balk - A spatial analysis of childhood mortality in West Africa.pdf,"Balk D, Pullum T, Storeygard A, Greenwell F, Neuman M",2004,A Spatial Analysis of Childhood Mortality in West Africa,"Population, Space and Place 10:175-216",10.1002/psp.328,peer-reviewed article,"Benin, Burkina Faso, Cameroon, Cote d'Ivoire, Ghana, Guinea, Mali, Niger, Senegal, Togo (Nigeria explicitly EXCLUDED - lacked georeferenced cluster data)","DHS surveys 1997-2001 (most recent georeferenced per country) + GPW population, night-lights, coastal/roads, farming systems, malaria stability, CRU05 rainfall climatology","1997-2001 (10-year retrospective birth histories, ~1987-2001)",Children born in 10 years preceding each survey,"122,389 children, 2,771 DHS clusters","1q0 (infant mortality probability), 4q1 (child mortality probability ages 1-4)","None (mortality outcome, not anthropometric)","Household-level source of drinking water, type of toilet - used as controls alongside spatial covariates","Household-level WASH controls; country-level FE + continuous geospatial covariates (population density, distance to coast, farming system, rainfall) for the spatial variables of interest",household-level (for WASH controls specifically),"Kaplan-Meier survival analysis (descriptive) + GLM binomial error, log link, 5 nested models","Country FE (9 dummy countries vs Ghana reference) + birth-cohort/time-period FE (3 categories) - explicitly NOT sub-national admin-region FE, and NOT a spatial grid",Child sex/birth order/multiple birth/mother's age; household water/toilet/floor/assets/maternal education,"Population-share-rescaled 'expansion weight' so each country contributes proportional to national population share, renormalized to average 1",Country-level mortality differences substantially reduced (not eliminated) after household+spatial covariates added; tree-crop farming systems ~20-30% lower mortality risk; household variables explain more deviance than spatial variables,"Tree-crop farming coefficient ~0.78-0.81 (1q0), ~0.68-0.70 (4q1); distance-to-coast: ~30% greater infant death risk at 90th vs 10th percentile",Landmark multi-country DHS+GIS precedent for pooling with country-level FE and population-weighted pooling; explicitly does NOT cluster SEs at household/PSU level (self-stated limitation) - weaker than thesis's PSU-clustered approach; excludes Nigeria specifically,Explicit: 'clustering at the household level is not taken into account'; age-heaping at 12mo causes ~2% under/overestimation; malaria index/NDVI dropped due to collinearity; nutritional/health status data omitted due to survivorship bias in DHS (only alive children surveyed),Country FE not admin-region FE; no PSU clustering (stated limitation); mortality not anthropometric outcome; explicitly excludes Nigeria (one of thesis's 4 countries),multiple,Core,"Verified (full-text deep read, prior audit)",Abstract; Table 4 note (clustering not accounted for); Table 6/7 (tree-crop coefficients); Discussion (spatial vars mediated by household)
S17,sdata201566.pdf,"Funk C, Peterson P, Landsfeld M, Pedreros D, Verdin J, Shukla S, Husak G, Rowland J, Harrison L, Hoell A, Michaelsen J",2015,The climate hazards infrared precipitation with stations - a new environmental record for monitoring extremes,Scientific Data 2:150066,10.1038/sdata.2015.66,peer-reviewed article,"Quasi-global (50S-50N); validation focus incl. Ethiopia, Sahel",CHPclim climatology (FAO/GHCN stations + satellite) + CCD satellite estimates calibrated to TMPA + station blending,1981-present (record); validation uses 2000-2010,"N/A (gridded environmental dataset, not human survey)",Gridded 0.05deg product; validation station counts vary by region (e.g. 76 stations Ethiopia),Precipitation estimate (mm/day/pentad/month); Ethiopia example: simulated runoff/ET/soil moisture (VIC model),None,None,NA,other/not applicable,Station-satellite blended precipitation algorithm; validated via bias/MAE/correlation vs GPCC/CRU/independent stations,NA,NA,NA,"CHIRPS shows lower bias/MAE than other precipitation products (CFS, ECMWF, TMPA 3B42RT, CPC Unified) across global/Africa/USA validation","Semi-global mean MAE: CHIRPS 82mm vs CFS 153mm, ECMWF 131mm; correlation with GPCC 0.67 vs 0.52/0.49",Not a WASH or nutrition study; narrowly relevant as a plausible future rainfall covariate for a design the thesis did NOT implement - background/appendix relevance only,Explicit 'substantial weakness': lack of uncertainty info from the inverse-distance-weighting blend algorithm; underestimates variance/extremes in some regions; hydrologic attribution 'highly model sensitive',Entirely unrelated substantively to WASH/nutrition; risk of over-citing beyond its narrow geospatial-methodology relevance,Limitations,Background,"Verified (full-text deep read, prior audit)",Table 2 (MAE comparison); Summary and discussion (uncertainty weakness); Ethiopia application section
S18,Geruso_Spears_2015_NeighborhoodSanitation_InfantMortality_NBERWP21184.pdf,"Geruso M, Spears D",2015 (rev. 2017); published 2018,Neighborhood Sanitation and Infant Mortality,"NBER Working Paper 21184 (working-paper version held; final version: American Economic Journal: Applied Economics 10(2):125-162, 2018)",10.1257/app.20150431 (final published version),working paper,India,"National Family Health Survey (NFHS) 1992/93, 1998/99, 2005/06","1992/93, 1998/99, 2005/06",Births,"~280,000 births","Infant mortality rate, neonatal mortality rate","None (mortality outcome, not anthropometric)","Neighbor (PSU-level) open-defecation rate, explicitly LEAVE-ONE-OUT constructed",PSU-level (NFHS equivalent of DHS cluster),"leave-one-out - CONFIRMED via exact verbatim quote (p.11 of this PDF): 'we calculate a neighbor OD rate, OD_ij^-i, where the superscript -i indicates a leave-out mean, taken over all households in PSU j other than the respondent household.' Stated rationale (p.11): 'to precisely control for neighbors' behavior separately from that of the respondent household.'","PSU-level regression, own household status and leave-out neighbor rate entered JOINTLY: Y_ijt = b1*(leave-out mean OD)_ij^-i + b2*OD_ijt + b3*M_ijt + f(X_ijt) + e_ijt (equation reconstructed from paper's own notation, ~p.27); robustness regressions also include Muslim indicator/local Muslim share (p.12)","No PSU or admin-region FE in the main leave-one-out open-defecation/mortality IV specification (eqs.2-3, Table 9); only survey-round FE plus extended controls (footnote 46, p.28)","Mother's education/wealth (M_ijt); Muslim indicator, local Muslim share (robustness, p.12)",Not reported in the pages read (pp.1-40 of 75) - no mention of NFHS sampling/survey weights found; standard errors are clustered by PSU (p.8) but weighting is not discussed,Neighbors' open defecation raises a household's own infant mortality risk independent of the household's own sanitation status,Not established from source (this pass; exact coefficient not extracted),"STRONGEST METHODOLOGICAL PRECEDENT FOUND, and the ONLY Type A (true leave-one-out) source identified in the entire literature search - CONFIRMED via direct quote and page number - validates the TECHNIQUE, though the substantive domain (mortality, India) differs from the thesis's (anthropometry, SSA). NOTE: this project copy is the NBER working-paper version (May 2015, rev. May 2017), not the final 2018 published article - page numbers above apply ONLY to this PDF","'The neighborhoods where Muslims are concentrated may be different in unobservable ways, so these results are presented with caution' (p.3, p.27); 'we cannot rule out the possibility of important unobservables' (p.28)",Working-paper (not final journal) version on file - cite with this caveat; India not SSA; mortality not anthropometric outcome,WASH exposure methodology,Core,"Verified (full-text deep read, pp.1-40 of 75 - leave-one-out definition/rationale/equation location definitively confirmed)","p.11 (leave-out mean definition + rationale, verbatim quote); p.6 (PSU size ~27 households); p.12 (own+neighbor joint robustness spec); ~p.27 (formal equation)"
S19,Headey_Palloni_2019_WaterSanitation_ChildHealth_59Countries.pdf,"Headey DD, Palloni GE",2019,"Water, Sanitation, and Child Health: Evidence From Subnational Panel Data in 59 Countries",Demography 56(2):729-752,10.1007/s13524-019-00760-y,peer-reviewed article,59 countries (442 subnational regions),"218 DHS rounds, subnational-region panel",Multiple rounds per country (panel),Children (mortality/stunting/wasting/fever/diarrhea outcomes),"442 subnational regions, 59 countries, 218 DHS rounds","Under-5 mortality, diarrhea, stunting, wasting, fever","Stunting, wasting (binary)",Subnational region-level water/sanitation coverage (panel),Subnational administrative region (panel across multiple DHS rounds per region),community/cluster-level own-inclusive (subnational region-level panel aggregate; not household leave-one-out),Subnational administrative-region panel (repeated DHS rounds treated as repeated cross-sections at the finest DHS-representative subnational unit) with region fixed effects; difference-in-differences style design,"CONFIRMED: justified on DHS-sampling-REPRESENTATIVENESS grounds - admin region is the finest unit at which repeated DHS rounds can be validly compared over time, and the paper states its approach 'exploit[s] the growing importance of decentralized governance in developing countries.' Does NOT explicitly evaluate grid-cell FE as a competing design within its own models (cites Hathi et al. 2017's use of GRUMP population-density grid data only as a comparator study, not as an internal alternative specification).","Subnational DHS controls (housing, maternal education, demographics, health services) plus national-level log GDP per capita, cereal yields, health expenditure % GDP, foreign aid, urbanization, population, malaria incidence (pp.733-734)","Survey weights used to construct the two DHS-microdata subnational panels (robustness checks); the main STATcompiler panel uses pre-aggregated subnational indicators, not individually weighted (p.732)","Water/sanitation subnational panel associated with improved child health outcomes; administrative regions used as the policy-relevant, DHS-representative geographic unit","E.g., a 1-percentage-point sanitation coverage increase is associated with -0.381 under-5 deaths per 1,000 births (p=.011); -0.056pp diarrhea (p=.054, survey-FE specification); improved water associated with stunting coefficient -0.037 (p=.109, not significant with survey FE) (pp.736-739)","Independent, more recent precedent (than Blom et al. 2022) for administrative-region-level fixed effects with DHS data across many countries - reinforces admin-region FE as an established, defensible choice, justified specifically on DHS-representativeness grounds (directly relevant to the thesis's own admin-region FE choice)","Exact quotes (pp.749-750): 'we cannot definitively rule out biases from time-varying omitted variables, which would caution against drawing overly strong causal inferences from these results. Our estimates are also somewhat imprecise...'; 'Sanitation indicators in the DHS are not ideal because toilet ownership does not always equate to toilet use...'; 'our WASH indicators solely focus on hardware measures.'","Uses a genuine multi-round PANEL structure (repeated DHS rounds per region) - the thesis's design is cross-sectional (single round per country), a structural difference; do not present as validating a cross-sectional design",DHS methodology,Supporting,"Verified (full-text deep read this stage, all 24 pages)","pp.729-752 (whole document); pp.749-750 (limitations, verbatim quotes)"
S20,State_of_Africas_Children.pdf,UNICEF,2008,The State of Africa's Children 2008: Child Survival,UNICEF regional report,No DOI (confirmed absent - UNICEF regional reports of this era/type are not DOI-registered),official report/manual,Africa (46 SSA countries + North Africa comparison),UNICEF SOWC 2008 statistics; UNAIDS/WHO HIV data; WHO immunization surveillance,Data mostly to 2006-2007,Children across Africa,"Aggregate regional statistics, not primary survey",Regional child survival/nutrition statistics,"Underweight prevalence (moderate/severe), regional aggregate","Improved drinking water / adequate sanitation access, regional aggregate (JMP-sourced, not internally defined)",Sub-regional (SSA sub-groupings),"other/not applicable (aggregate statistics report, not a regression)","Narrative/statistical compilation, no primary analysis",NA,NA,NA,"SSA 2004: 56% improved drinking water (80% urban/42% rural), 37% adequate sanitation; 29% under-5 underweight 2000-2006",56% water; 37% sanitation; 29% underweight (SSA aggregate),Dated (2008) contextual/motivational background only; no country-specific Ethiopia/Ghana/Kenya/Nigeria breakdown; self-flagged data-comparability caveat,Editor's note: Djibouti/Sudan handled inconsistently across figures (self-flagged),15+ years older than thesis's DHS rounds (2022-2025); no regression/association analysis at all,Introduction/background,Background,"Verified (partial read, prior audit)",p.53 (statistics table); p.1 (editor's note)
S21,jmp-2025-wash-households-launch.pdf,WHO/UNICEF Joint Monitoring Programme (JMP),2025,"Progress on Household Drinking Water, Sanitation and Hygiene 2000-2024: Special Focus on Inequalities",JMP flagship report,No DOI (confirmed absent - WHO/UNICEF JMP does not assign DOIs to this report series),official report/manual,"Global; country annexes include Ethiopia, Ghana, Kenya, Nigeria","National household surveys (incl. DHS/MICS) and censuses, compiled into modelled global time series","2000-2024 (baseline/comparison years 2015, 2024)",Households (general population),Safely-managed water estimates: 160 countries (72% global pop); safely-managed sanitation: 145 countries (86% global pop),Water/sanitation/hygiene service-level coverage (JMP ladder),None,JMP service ladder: safely managed > basic > limited > unimproved > surface water/open defecation (exact definitions verified),National and sub-national/wealth-quintile (country annexes),"other/not applicable (definitional/monitoring report, not a regression study)",JMP modelled estimation from survey/census time series (Annex 1 Methods NOT read - estimation method itself not independently verified),NA,NA,NA,"SSA lags all SDG regions on nearly every indicator; steep within-country wealth/subnational inequalities in Ghana, Kenya, Nigeria specifically",SSA basic sanitation 35% (2024) vs global 82%; SSA basic water 68% vs global 91%; Nigeria basic sanitation poorest quintile 17% vs richest 73% (ratio 4.4),DIRECT AUTHORITY for the JMP improved/unimproved classification underlying the thesis's water_rate_loo/sanitation_rate_loo_core variable definitions - the exact service-ladder categories the thesis's binary collapse is built from,Not captured in sections read (may be in un-read Methods annex/narrative chapters),"Does NOT describe a leave-one-out construction - that is the thesis's own methodological addition on top of the JMP definitions, not something JMP itself provides",WASH exposure methodology,Core,"Verified (partial read, prior audit - Methods Annex 1 not read)","p.15 (water ladder, Fig.22); p.37 (sanitation ladder, Fig.45); Annex 4 pp.133-143, Annex 7 p.164 (country tables)"
S22,sr12_13_en.pdf,European Court of Auditors,2012,Special Report No 13/2012 - European Union Development Assistance for Drinking Water Supply and Basic Sanitation in Sub-Saharan Countries,ECA Special Report 13/2012,10.2865/10664,official report/manual,"Angola, Benin, Burkina Faso, Ghana, Nigeria, Tanzania (23 audited projects)","ECA project-file audit, field visits, ROM mission reports; JMP data in Annex II","Projects ~2001-2011, audit ~2011-2012",EU-funded WASH infrastructure projects,"23 audited projects, EUR219 million",Project performance/implementation success (not health outcome),None,"None as a regression exposure - this is a programme/financial audit, not empirical WASH-health research",NA,other/not applicable,"Performance audit methodology (document review, site visits, interviews)",NA,NA,NA,Fewer than half of audited projects met beneficiaries' needs for lasting benefit; sanitation components systematically weaker than water components,EUR219m of EUR1bn+ total EU SSA water/sanitation contracting 2001-2010 (23 projects audited); 8/18 sanitation-component projects successful/minor weaknesses,Ghana/Nigeria-specific institutional/implementation context; suggestive background for why sanitation coverage may lag water coverage in these countries - NOT empirical nutrition evidence,Self-stated: 'care must be taken in drawing any general conclusions from...these 23 diverse projects'; lack of reliable statistical data in many countries flagged as a problem for indicators,Not a health/nutrition study; no anthropometric or WASH-coverage regression content at all,Discussion,Supporting,"Verified (full-text deep read, prior audit)","Back cover (headline finding); Commission reply paras 20,37,39,40"
S23,SOWC-2025-full-report-EN.pdf,UNICEF,2025,The State of the World's Children 2025: Ending Child Poverty - Our Shared Imperative,UNICEF flagship report,No DOI (confirmed absent - UNICEF flagship reports of this type are not DOI-registered),official report/manual,"Global (case examples incl. Ghana, Nigeria among many)",UNICEF/World Bank multidimensional child poverty estimates; MICS/DHS-derived deprivation indicators; youth foresight workshop (qualitative),Primarily 2023-2025,Children globally,Aggregated secondary data; youth foresight n>20 (explicitly non-representative),Child poverty/deprivation dimensions (incl. WASH as one dimension),"Mentioned only as one deprivation dimension, no dedicated analysis in pages read",Cited as one of six 'severe deprivation' dimensions; no dedicated WASH regression,NA,other/not applicable,Narrative synthesis of secondary poverty statistics + qualitative youth foresight chapter,NA,NA,NA,Children in flood zones in Malawi/Nigeria/Uganda 48% more likely to experience severe-deprivation poverty than outside flood zones,48% higher severe-deprivation poverty likelihood in flood zones (Malawi/Nigeria/Uganda),Background/motivational only; brief Nigeria-specific flood-poverty statistic; general WASH-as-deprivation-dimension framing,Youth foresight chapter explicit: participants 'not representative of all children and young people in their respective countries',No HAZ/WAZ/WHZ or DHS-based regression content found in pages read (pp.46-80 of 80 not read - cannot rule out further content there),Introduction/background,Background,"Verified (partial read, prior audit - pp.46-80 not read)",p.33 (WASH policy pillar); p.41 (flood-zone statistic); p.22 (youth foresight limitation)
S24,SOWC-2025-executive-summary-EN.pdf,UNICEF,2025,The State of the World's Children 2025: Ending Child Poverty - Our Shared Imperative (Executive Summary),UNICEF flagship report (companion executive summary),"No DOI (confirmed absent, same as full report S23)",official report/manual,Global,Same as full report (S23),2025,Children globally,N/A (summary),Condensed summary of full-report content,Not established from source,"Same five-pillar framing as full report, condensed",NA,other/not applicable,Condensed narrative summary; no independent methodology,NA,NA,NA,Mirrors full report's five-pillar policy framework,Not established from source,"Background/motivational only, entirely derivative of S23",Not established from source,Purely a summary document; no independent evidentiary content,Introduction/background,Background,"Verified (full read, prior audit - all 14 pages)",Whole document (14pp)
S25,924154693X_eng.pdf,World Health Organization / WHO Multicentre Growth Reference Study (MGRS) Group,2006,"WHO Child Growth Standards: Length/height-for-age, weight-for-age, weight-for-length, weight-for-height and body mass index-for-age - Methods and development",WHO technical monograph,No DOI (confirmed absent - identified by ISBN 92 4 154693 X instead),official report/manual,"6 MGRS sites: Brazil, Ghana, India, Norway, Oman, USA",WHO Multicentre Growth Reference Study (MGRS),MGRS implemented 1997-2003,"Healthy breastfed infants/children, unconstrained-growth screened","8,440 children across 6 sites",HAZ/WAZ/WHZ/BMI-for-age growth-standard curves,"HAZ, WAZ, WHZ, BMI-for-age (definitional/construction source - the exact standard the thesis's outcomes are built against)",None,NA,other/not applicable,Box-Cox power exponential (BCPE) distribution + GAMLSS statistical framework for curve construction,NA,"Eligibility screening as inclusion criteria (non-smoking, breastfeeding practice, no growth-constraining morbidity)",NA,MGRS methodology basis for the WHO 2006 growth standards used to compute HAZ/WAZ/WHZ,"Document explicitly derives -2SD/-3SD (and other) z-score cutoffs via the LMS method: SD3pos/SD3neg (+/-3SD cutoffs) and SD23pos/SD23neg (tail-extension terms), each a function of the age/length-specific L(t), M(t), S(t) curve parameters - see 'Computation of centiles and z-scores,' p.303",MAXIMAL relevance for anthropometric-measurement methodology specifically - the primary technical source for exactly how the thesis's HAZ/WAZ/WHZ outcome variables are constructed,Not captured in sections read (pp.1-35 of 336; -2SD/-3SD cutoff rationale specifically NOT located in pages read),"Only pp.1-35 of 336 read (front matter, Methodology ch.2, start of ch.3); most indicator-construction chapters and stated limitations not yet read",Data/Methods,Core,"Verified (partial read, prior audit - pp.1-35 of 336)",Front matter (MGRS site list); Methodology ch.2 pp.16-35 (BCPE/GAMLSS)
S26,WHO-CHILD GROWTH STANDARDS.pdf,World Health Organization / MGRS Group,2009,"WHO Child Growth Standards: Growth velocity based on weight, length and head circumference - Methods and development",WHO technical monograph,No DOI (confirmed absent - identified by ISBN 978-92-4-154763-5 instead),official report/manual,Same 6 MGRS sites as S25,WHO MGRS (same dataset as S25),1997-2003,Same MGRS cohort,"8,440 children, 6 sites","Growth VELOCITY standards (rate of change), NOT attained-value z-scores","Growth velocity indicators - NOT the thesis's outcomes (thesis uses attained cross-sectional HAZ/WAZ/WHZ, not velocity)",None,NA,other/not applicable,GAMLSS-type distributional fitting for velocity-specific standards,NA,NA,NA,Constructs velocity-based growth standards distinct from attained-value standards,Not established from source,"LOW relevance - the thesis's cross-sectional single-DHS-round design uses ATTAINED z-scores only, never growth velocity; do not cite this for HAZ/WAZ/WHZ construction (that is S25's role, not this document's)",Not captured in sections read (pp.1-32 of 237),Wrong indicator type entirely for this thesis's design,Appendix/background only,Background,"Verified (partial read, prior audit - pp.1-32 of 237)",Title page/cataloguing data (2009 copyright); Methodology ch. pp.16-32
S27,WHOChild Growth Standards.pdf,World Health Organization / MGRS Group,2007,"WHO Child Growth Standards: Head circumference-for-age, arm circumference-for-age, triceps skinfold-for-age and subscapular skinfold-for-age - Methods and development",WHO technical monograph,No DOI (confirmed absent - identified by ISBN 978-92-4-154718-5 instead),official report/manual,Same 6 MGRS sites as S25,WHO MGRS (same dataset as S25),1997-2003,Same MGRS cohort,"8,440 children, 6 sites (confirmed directly on back cover)",Head/arm circumference and skinfold standards - NOT the thesis's outcomes,"Head circumference, arm circumference, triceps/subscapular skinfolds - not HAZ/WAZ/WHZ",None,NA,other/not applicable,BCPE/GAMLSS approach (same family as S25/S26),NA,NA,NA,Constructs standards for secondary anthropometric indicators not used in this thesis's design,Not established from source,"LOW relevance - thesis uses HAZ/WAZ/WHZ and binary stunting/wasting/underweight exclusively, not head/arm circumference or skinfolds; independently corroborates the MGRS sample size/composition fact (8,440 children, 6 sites incl. Ghana) also underlying S25",Not captured in sections read (pp.1-30 of 262),Wrong indicator set entirely for this thesis's design,Appendix/background only,Background,"Verified (partial read, prior audit - pp.1-30 of 262)",Back cover (MGRS sample statement); Methodology ch. pp.16-30
S28,DHS_SAR23_2023_CommunitySanitationCoverage_Stunting.pdf,"Donohue RE, Church R, Assaf S, Mayala BK",2023,Community Improved Sanitation Coverage and Childhood Stunting,"DHS Spatial Analysis Reports No. 23 (The DHS Program/ICF, official)",No DOI (confirmed absent - The DHS Program does not assign DOIs to this document series),official report/manual,Nigeria and Zambia,CONFIRMED (p.2-3): 'This report uses data from the 2018 Nigeria DHS and the 2018 Zambia DHS.' Single DHS round only for each country.,2018 (Nigeria); 2018 (Zambia),Children (stunting outcome); households nested in DHS clusters,"Nigeria: n=11,364 children, 1,378 clusters (Table 4, p.19)",Childhood stunting (binary),"Stunting, binary","Household-level improved sanitation (binary) AND community/cluster-level improved sanitation coverage (%, divided by 10 so ORs represent a 10-percentage-point increase)",Household + community/cluster (DHS cluster used as proxy for 'community'); region used only for a separate regional-breakdown analysis (Nigeria: six geopolitical zones),"community/cluster-level OWN-INCLUSIVE - DEFINITIVELY CONFIRMED, NOT leave-one-out. Exact quote (p.9): 'Community improved sanitation coverage was defined as the percentage of households within a cluster that have access to an improved sanitation facility...' Replication instructions (p.26): 'users can compute the community improved sanitation coverage by collapsing the data for each cluster and calculating the percentage of households...using an improved sanitation facility in each cluster' - 'collapsing the data for each cluster' is a standard own-inclusive cluster mean (includes the index household). The report never uses 'leave-one-out,' 'leave-out mean,' or 'excluding the respondent household' anywhere in its 53 pages.","Two-level mixed-effects (multilevel) logistic regression (Stata 'melogit', cluster as grouping structure), svyset multilevel/cluster-level weights constructed for complex surveys; run separately for Nigeria and Zambia (p.9)",Not a fixed effect in the main model; region (six Nigeria geopolitical zones) used only for a separate stratified regional-breakdown analysis (Appendix Table 3),"Not stated beyond household/community sanitation and regional stratification in the sections read (DHS SAR23 pp.1-5, physical pp.17-21)",DHS survey weights via svyset multilevel weights; cluster-level weights constructed with methods developed to estimate level weights for complex surveys (p.9),"Nigeria: community sanitation coverage significantly reduces stunting odds overall (unadjusted OR=0.87 [0.85,0.89]; adjusted OR=0.97 [0.95,0.99]) - 'for every 10% increase in community-level improved sanitation coverage, the odds of stunting decreases by 3%' (p.18). Household-level sanitation significant unadjusted (OR=0.74) but NOT significant in the adjusted model (aOR=1.09 [0.94,1.26], Appendix Table 1 p.33). Regional breakdown: significant only in North West (aOR=0.95*, n=2,695, 275 clusters) and South West (aOR=0.94*, n=1,639, 235 clusters) of Nigeria's six geopolitical zones; not significant in the other four regions.","Nigeria adjusted OR=0.97 [95%CI 0.95,0.99] per 10pp community sanitation increase (Table 4, p.19); household aOR=1.09 [0.94,1.26] not significant (Appendix Table 1, p.33); North West aOR=0.95 [0.90,1.00], South West aOR=0.94 [0.88,1.00] (Appendix Table 3, p.35)","Single most methodologically aligned candidate found in the entire gap search - a DHS-official, cluster-level community-sanitation-coverage variable regressed on stunting, in Nigeria specifically - BUT DEFINITIVELY CONFIRMED to be an own-inclusive cluster mean, NOT leave-one-out. Must be cited as a Type B precedent (community/cluster exposure) exactly like Skoufias & Vinha and Spears (2013), NOT as validating the thesis's leave-one-out construction. The mixed regional pattern (significant only in 2 of 6 Nigeria zones) is itself a genuine, noteworthy finding for the thesis's own discussion of heterogeneity.","Exact quotes (pp.25-26): 'DHS data is only georeferenced to one location per cluster. Thus, the individual household coordinates are not available. Therefore, there is no information available on proximity to households that lack access to improved sanitation facilities.'; 'clusters may not always approximate communities'; 'we only evaluated a single DHS survey from two countries in this study, while many additional survey countries and survey years are available.'","Own-inclusive, not leave-one-out - the exposure-construction gap this source was sought to fill remains open; multilevel random-effects approach (not PSU-clustered sandwich SEs) differs from thesis's clustering method; single DHS round only (2018), same cross-sectional limitation as thesis but no multi-round validation",WASH exposure methodology,Core,"Verified (full-text deep read this stage, all 53 pages)","p.9 (community sanitation coverage definition, model specification); p.26 (replication instructions confirming own-inclusive 'collapsing' method); pp.1-2 (cluster-as-community-proxy); pp.2-3 (2018 DHS rounds); Table 4 p.19 (Nigeria main results); Appendix Table 1 p.33 (household-level results); Appendix Table 3 p.35 (regional breakdown); pp.25-26 (limitations)"
S29,DHS_SAR7_2013_GPS_Displacement_Procedure.pdf,"Burgert CR, Colston J, Roy T, Zachary B",2013,Geographic Displacement Procedure and Georeferenced Data Release Policy for the Demographic and Health Surveys,"DHS Spatial Analysis Reports No. 7 (The DHS Program/ICF, official)",No DOI (confirmed absent - The DHS Program does not assign DOIs to this document series),official report/manual,Cross-country/methodological (case studies use example survey data),DHS Program georeferenced (GPS) cluster data in general,N/A (methodological),N/A,"Simulation: 10,000 points; case studies across 40 DHS surveys",N/A (methodological document),None,None,NA,other/not applicable,"Description of displacement algorithm ('random direction, random distance') + simulation + 3 case studies",NA,NA,NA,"CONFIRMED via exact quote (p.1): 'Urban locations are displaced 0-2 kilometers while rural locations are displaced 0-5 kilometers with 1% (or every 100th point) displaced 0-10 kilometers.' Algorithm steps (p.1): (1) random direction 0-360deg chosen, (2) random distance per urban/rural parameters chosen, (3) new location created, (4) checked against admin boundaries - 'usually administrative 2 boundaries' for surveys after 2008, coarser (region/national) before 2008.","Case Study 3 (p.18-19): 2km urban buffer overlays ~4 EAs vs 5km rural buffer overlays ~8 EAs; displacement increases potential-household ambiguity 'twofold in urban areas and 18-fold in rural areas' (Table 4, p.19) - the quantitative rationale for the urban/rural distance asymmetry","Precise, citable source for the displacement distances and admin-2-boundary restriction underlying the thesis's cluster-to-administrative-region GPS linkage","Exact quotes (p.20): 'confusion and erroneous analysis can still occur when using current administrative boundary data for past surveys, particularly in cases where the name of the administrative unit stays the same but the borders change'; explicitly foreshadows SAR8 as covering point-in-polygon bias in more depth",Admin-2 boundary restriction is the typical (not universal) constraint - very-small-admin-unit countries are flagged as exceptions where restriction shortens displacement and reduces confidentiality protection (p.16),GIS methodology,Core,"Verified (full-text deep read this stage, core sections of all 47 pages)","p.1 (displacement distances/algorithm); p.16 (admin-unit restriction, Case Study 2); pp.18-20 (urban/rural rationale, Case Study 3); p.20 (limitations, SAR8 cross-reference)"
S30,DHS_SAR8_2013_Guidelines_Use_of_GPS_Data.pdf,"Perez-Heydrich C, Warren JL, Burgert CR, Emch ME",2013,Guidelines on the Use of DHS GPS Data,"DHS Spatial Analysis Reports No. 8 (The DHS Program/ICF, official)",No DOI (confirmed absent - The DHS Program does not assign DOIs to this document series),official report/manual,Methodological; case study uses Uganda DHS 2011,DHS Program GPS/georeferenced cluster data in general,Case study: Uganda 2011,N/A,N/A (methodological + simulation study),N/A (methodological document),None,None,NA,other/not applicable,Simulation studies quantifying displacement-induced bias for distance-based/raster/point-in-polygon analyses; Uganda 2011 DHS + poverty covariate case study,NA,NA,NA,"CONFIRMED (p.44, bolded 'Proposed Guidelines'): 'we recommend that investigators implement a weighted average or most probable value approach when linking DHS cluster data to ancillary areal data. Misclassification rates are highly dependent on areal unit size.' Restated (p.48): 'probability-based approaches are recommended over simple point extractions' when 'areal units are relatively small.' Mechanism (p.40): buffer of radius = max displacement distance (2km urban/5-10km rural) per cluster; proportional polygon-area overlap used as weights (continuous data) or to assign 'most probable value' (categorical/admin-unit data).","Uganda case study (pp.42-43): first-level (larger) admin units - misclassification 4.5%+/-10.15%, no significant bias vs true (non-displaced) points; third-level (smaller) admin units - misclassification 32%+/-22% (5km rural buffers) to 55% (10km rural buffers), but 'very little bias was observed from naive analyses' due to strong spatial autocorrelation in the poverty covariate used - explicitly flagged as possibly not generalizable to weakly-autocorrelated covariates","Official methodological justification for the thesis's approach of linking cluster coordinates to administrative regions - the thesis's admin-region level is coarser than SAR8's worst-case small-admin-unit simulation, closer to the low-misclassification first-level-admin-unit result, but SAR8's own explicit recommendation is a weighted-average/most-probable-value linkage rather than naive point-in-polygon regardless of unit size","Exact quotes (pp.43,48-49): 'results obtained here are not necessarily generalizable because misclassification bias is also likely to be highly contingent on the magnitude of spatial autocorrelation in areal unit data'; 'Empirical results presented in this report correspond to worst-case scenario displacements, which are unconstrained by these [administrative] boundaries. Guidelines presented here are therefore likely to be conservative in nature.'","Case study uses only Uganda/poverty, not any of the thesis's 4 countries or WASH variables specifically; guidelines are explicitly noted as conservative/worst-case",GIS methodology,Core,"Verified (full-text deep read this stage, core sections of all 88 pages)","pp.39-46 (Ch.5, point-in-polygon analysis, complete); pp.47-49 (Ch.6 Summary, complete); p.44 (proposed guidelines); pp.42-43 (Uganda case study results)"
S31,DHS_Sampling_and_Household_Listing_Manual_2012.pdf,ICF International,2012,Demographic and Health Survey Sampling and Household Listing Manual,"DHS Toolkit methodology series, document code DHSM4 (The DHS Program/ICF, official)",No DOI (confirmed absent - The DHS Program does not assign DOIs to this document series),official report/manual,Cross-country/methodological,DHS Program sampling operations in general,N/A,N/A,N/A,N/A (methodological document),None,None,NA,other/not applicable,"Two-stage stratified cluster sampling: PPS PSU/EA selection (cumulative-size systematic sampling, pp.64-67) then equal-probability systematic household selection within listed households (p.85)",NA,NA,NA,"CONFIRMED (p.78, section 4.2): 'These software use the Taylor Linearization Method (Woodruff, 1971) of variance estimation for survey estimates that are means or proportions... The Jackknife Repeated Replication Method (Efron, 1982, 1993) is used for variance estimation of more complex statistics such as fertility and mortality rates.' Both formulas (p.78-79) are indexed/summed over strata h and clusters j within strata - the PSU is the resampling/replication unit, making PSU-level clustering the natural analogue for cluster-robust SEs. DEFT defined p.79: 'ratio between the standard error using the given sample design and the standard error that would result if a simple random sample had been used.' CRITICAL FINDING (pp.26-29, sections 1.13.5-1.13.7): explicit de-normalization procedure for pooled multi-survey/country analysis - 'the normalized weight is not valid for pooled data... because the normalization factor is country and sex specific' (p.26); exact formula given (p.28): HV005* = HV005 x (total residential households in country)/(households interviewed in survey), then re-normalize across the combined pooled sample (p.29). This section has NO counterpart in the Guide to DHS Statistics.","Not applicable (methodological formulas, not empirical results)","DIRECT, CITABLE METHODOLOGICAL BASIS for the thesis's pooled equal-total-country weighting approach - the Manual's de-normalize-then-re-normalize procedure for pooled data is conceptually what an equal-total-country weight scheme accomplishes; also underlies the PSU-clustered SE choice via the Taylor linearization/JRR variance formulas","Ch.4 'Survey Errors' (pp.73-79) states DHS surveys are subject to non-sampling errors (interviewer/respondent misunderstanding, data-entry errors, listing-to-interview timing gaps causing under/over-coverage, non-response) that are 'impossible to avoid and difficult to evaluate statistically' (p.73)","Manual describes DHS's own official jackknife/Taylor-linearization variance software, not a generic cluster-robust sandwich estimator as commonly implemented in regression packages (e.g. Stata's vce(cluster)) - the thesis's PSU-clustered SE approach is analogous in spirit but not identical in implementation to what this Manual describes",DHS methodology,Core,"Verified (deep-read this stage, ~65 of 109 pages: pp.1-35, 63-70, 76-85)",pp.64-67 (PPS mechanism); p.78 (Taylor/JRR variance methods); p.79 (DEFT definition); pp.26-29 sections 1.13.5-1.13.7 (pooled-data de-normalization procedure and exact formula)
S32,Guide_to_DHS_Statistics_DHS8_2023.pdf,"Croft TN, Allen CK, Zachary BW, et al. (The DHS Program/ICF)",2023 (DHS-8 edition; original 2003/2006 edition by Rutstein & Rojas),Guide to DHS Statistics,"DHS Program core methodological reference, document code DHSG1 (The DHS Program/ICF, official)",No DOI (confirmed absent - The DHS Program does not assign DOIs to this document series),official report/manual,Cross-country/methodological,DHS Program data in general (all standard recode files),N/A,N/A,N/A,N/A (methodological reference),None,None,NA,other/not applicable,"Reference documentation of every DHS indicator, weight, and design-variable construction",NA,NA,NA,"CONFIRMED (p.1.34): 'The household weight (hv005)...is the inverse of its household selection probability multiplied by the inverse of the household response rate in the stratum.' 'The individual weight for women (v005) is the household weight (hv005) multiplied by the inverse of the individual response rate for women in the stratum' (analogous for mv005/hv028, men). Normalization (p.1.35): weights 'normalized by dividing each weight by the average of the initial weights...so that the sum of the normalized weights equals the sum of the cases over the entire sample'; 'need to be divided by 1,000,000 before use.' PSU/cluster identification (p.1.37): v021 (or hv021/mv021) is the PSU/cluster variable needed alongside v005 weight and stratification variable for complex-sample (svyset-type) estimation. Weighting importance (p.1.39): 'Weights tend to increase the size of standard errors and confidence intervals, but not by large amounts.'","Not applicable (methodological reference, not empirical results)","THE standard DHS-data-user reference for the base definitions of hv005/v005/mv005 and the PSU/cluster/strata variables (v021/v023) needed for complex-sample estimation - directly relevant to the thesis's country-specific original-weight choice and PSU identification. IMPORTANT GAP CONFIRMED: pp.1.33-1.39 read in FULL and contain NO statement about rescaling weights for pooled multi-survey/country analysis - this guidance exists ONLY in the Sampling and Household Listing Manual (S31, sections 1.13.5-1.13.7), NOT in this Guide. The two documents are complementary, not redundant.","No single consolidated limitations section - this is an indicator-by-indicator reference guide. The Project Director's preface states the guide's purpose includes ensuring 'the strengths and limitations of certain data and indicators are clear to all users' (p.xxiii); individual indicator pages throughout contain distributed caveats, e.g. explicit DHS-8-vs-earlier-round comparability cautions for BMI/anemia measurement changes",This Guide alone does NOT justify the thesis's pooled equal-total-country weighting choice - that justification comes from S31 (Sampling Manual) instead; citing only this Guide for the pooled-weight rationale would be incomplete,DHS methodology,Core,"Verified (deep-read this stage, targeted: TOC, front matter, pp.1.31-1.41 of 834 total)","p.1.34 (hv005/v005/mv005 definitions); p.1.35 (normalization, /1,000,000 instruction); p.1.37 (PSU variable v021, complex sample design); p.1.39 (weighting importance/SE impact; sub-national weight-sum caution)"
S33,gr 1 pdf.pdf,"Gunther I, Fink G",2010,"Water, Sanitation and Children's Health: Evidence from 172 DHS Surveys",World Bank Policy Research Working Paper 5275,10.1596/1813-9450-5275,working paper,"70 developing countries (172 DHS surveys); Ethiopia/Ghana/Kenya/Nigeria all included but only in older DHS rounds (1988-2008), no country-specific results reported","172 standard-format DHS surveys, 70 countries",1986-2008,"Children (diarrhea), households (mortality)","N=753,239 (diarrhea model); N=796,219 (mortality model)","Child diarrhea (2-week recall, binary); under-5 mortality (binary/hazard)",None (no anthropometric outcome anywhere in this paper),Primary: household-level categorical WASH technology indicators (latrine/flush/well-pump/piped vs open defecation reference). Secondary: an OWN-INCLUSIVE cluster-mean of WASH access used ONLY for an externality/spillover test,"Household-level (primary); cluster-level own-inclusive mean (secondary, externality test only)","household-level (primary exposure); community/cluster-level own-inclusive (secondary externality-test variable - explicitly NOT leave-one-out, includes the surveyed household itself)",Logit (diarrhea) and Weibull survival model (mortality); country x year FE main models; region x year FE as OLS robustness only,"Survey-year x country FE (main); sub-national region x year FE (Appendix A.2 robustness only, due to computational limits in main Logit/survival models)","Mother's education/age/marital status, household size, urban/rural, asset index, child age/sex/birth order/interval/breastfeeding, vaccination (diarrhea model)",Not stated in the specification sections (pp.16-18): the paper explicitly describes PSU-clustered SEs but does not mention DHS sampling weights,"Latrine/flush/well/piped access reduces diarrhea odds 7-17%, mortality hazard 5-20%; strong positive externalities for sanitation at cluster level (>2x household coefficient), NOT for water","Diarrhea: -7.3% (latrine), -12.9% (flush) [abstract]; cluster-level sanitation coefficient >2x household-level coefficient","Genuine precedent for cluster-level WASH aggregation in DHS data, and for PSU-clustered SEs - BUT the cluster-mean is own-inclusive, used only for an externality coefficient-ratio test, NOT as a primary leave-one-out exposure, and outcomes are diarrhea/mortality, never anthropometric",Cannot directly measure water quality (technology proxies quantity+quality); sanitation coefficients may partly reflect bundled hygiene-education; substantial coding simplification (400+ codes to 3 classes) risks misclassification bias toward zero; computational limits prevented region FE in main models,"Never uses an anthropometric outcome; cluster mean is own-inclusive, not leave-one-out - must not be cited as validating the thesis's exact LOO construction",multiple,Supporting,"Verified (full-text deep read, prior audit)",Abstract; p.18/36 (cluster-mean construction); p.26/36 Table 5 (externality coefficients)
S34,Spears-MuchInternationalVariation-2013.pdf,Spears D,2013,How much international variation in child height can sanitation explain?,World Bank Policy Research Working Paper 6351,10.1596/1813-9450-6351,working paper,Section 2: 65 countries (140 country-years). Section 3: India only. Section 4: India + DRC/Ethiopia/Kenya/Nigeria/Tanzania (Ghana NOT included),Collapsed DHS summary statistics (Section 2); India NFHS-1/-2 microdata (Section 3); NFHS-3 + 8 African DHS surveys (Section 4),"DHS 1990-2010 (Sec.2); NFHS 1992-3, 1998-9 (Sec.3); NFHS-3 2005-6 + African DHS 2000-2008 (Sec.4)","Children (rural, under 3 for India district panel)",N=140 country-years/65 countries (Sec.2); ~10 children/PSU avg (Sec.3),"Height-for-age z-score (HAZ), continuous - matches thesis's primary outcome type","HAZ continuous (sole outcome throughout, no binary robustness tier)","Fraction of households in a village/PSU (or district, or country) reporting open defecation","Village/PSU (Sec.3/4, found significant); district (Sec.3, loses significance once village-level included); country (Sec.2)","community/cluster-level own-inclusive - no leave-one-out exclusion language found anywhere in sections read; reflection problem addressed differently, by entering household-level (own) and village-level terms JOINTLY rather than excluding own household from the village mean",OLS: country-year ecological regression (Sec.2); child-level regression with district+village terms and district FE (Sec.3); pooled India+Africa regression + Oaxaca-Blinder decomposition (Sec.4),Country FE + year FE + region-specific time trends (Sec.2); district FE + survey-round FE (Sec.3),"ln(GDP), female literacy, nearby-water access, calorie deficit, polity scores, women's height, pop density (Sec.2); dirt floor, piped water, electrification, assets, mother's literacy/parity/religion, birth order, twinship, age-in-month x sex (Sec.3/4)",DHS sampling weights explicitly used throughout Section 4 (footnote 20); country-population weighting as alternative in Sec.2 plots; not fully verified for Sec.3,Open defecation linearly explains 54% of country-year HAZ variation; village-level (not district) open defecation robustly predicts within-country HAZ variation in India; sanitation differences statistically explain ~99%+ of India-Africa height gap,54% of country-year variation explained (Table 1 col.1); coefficient ~-1.24 SD height for 0-to-1 open-defecation change,"CORE/closest empirical analogue to thesis's exposure-outcome pairing (sanitation coverage -> continuous HAZ) - but cluster variable is NOT leave-one-out (own-inclusive), and author explicitly avoids causal claims in this specific paper (distinguishes from his own separately-causally-identified RCT/program-evaluation papers)",Explicit: 'some fraction of these correlations also reflects omitted variable bias'; Simpson's Paradox risk in pooled cross-country regressions flagged explicitly; cannot fully rule out mothers'-own-stunting as alternative explanation,"Own-inclusive cluster mean, not leave-one-out; Ghana not covered in the Africa comparison sample (Section 4)",multiple,Core,"Verified (full-text deep read, prior audit)",Table 1 col.1 p.8 (54% variation); p.17 (village vs district significance); p.2 (explicit non-causal framing vs. companion RCT papers)
S35,ewp-286.pdf,"Burguet R, Soto M",2013,Seeds of Hope: Assessing the Effect of Development Aid on the Reduction of Child Mortality,ADB Economics Working Paper Series No. 286,No DOI (confirmed absent from ADB's own citation metadata; note an unrelated SSRN mirror DOI 10.2139/ssrn.4926497 exists for a 2024 SSRN repost of the same title - do not conflate with the official 2013 ADB working paper),working paper,"132 countries (Ethiopia/Ghana/Kenya/Nigeria appear individually in appendix tables only, not analyzed as a subgroup)","OECD Creditor Reporting System (aid); IGME under-5 mortality; World Bank WDI; KKM governance indicators; Banks conflict data - entirely national-aggregate country-year panel, NO DHS microdata, NO anthropometric data",2000-2008 (aid panel); projected to 2015,National populations (country-year units),"Unbalanced panel, >1,100 observations, 132 countries",National under-5 mortality rate (aggregate),None (no anthropometric data anywhere in this paper),None as a coverage exposure - 'Water Supply and Sanitation' tested only as ONE of 37 OECD aid-sector categories; did NOT emerge as one of the 3 significant sectors,National (country-year),other/not applicable,Two-way (country+year) fixed-effects panel regression; 2SLS/IV using country-specific aid trend + GDP as instruments; Hansen J overidentification tests,Country and year FE (genuine multi-year 2000-2008 PANEL - the opposite of the thesis's cross-sectional single-round design),"GDP (level/growth), government efficiency (KKM), trade openness, urbanization, conflict count, corruption control","Not applicable (national aggregate data, no DHS/survey weighting relevant)",Total aid: no significant mortality effect; disaggregated: Basic Health/Population Programmes/Food Aid sectors significant in 2SLS; WASH-sector aid tested but NOT among the 3 significant sectors (result not further discussed by authors),"104,000-253,000 children estimated saved in 2015 by 2008-level aid in the 3 significant sectors vs no-aid counterfactual","Not a WASH or nutrition study - background/motivational (MDG/child-mortality context) and a methodological CONTRAST case (genuine panel+IV causal design vs. thesis's cross-sectional associational design); WASH-aid null result is a minor, undiscussed data point, not evidence about WASH coverage-nutrition association","Explicit: projections are 'rough estimates,' not 'solid arguments'; exogeneity of trend-aid instrument tested only indirectly, not directly proven; pre-2000 aid data excluded as too low quality","Panel design directly contradicts the thesis's cross-sectional approach - useful only as a contrast case, not a precedent to follow; no WASH exposure variable of any kind",Introduction/background,Background,"Verified (full-text deep read, prior audit)",Abstract; Table 6 Panel B (SSA/high-mortality subgroup); Appendix Table A (37 aid sectors incl. Water Supply and Sanitation)
