development_family,model_label,outcome,sample_variant,term,coefficient,standard_error,ci_lower,ci_upper,p_value,estimation_n,psu_count,fe_region_count,weight_method,clustering_method,se_note
model_B_household_cluster_fe,natural_sample_PRIMARY_SAME_CLUSTER_CRV1,haz,natural_sample,_water_hh_binary,-0.08532609265767357,0.04567376574528256,-0.1748450285567466,0.0041928432413994715,0.06173919137704333,36040,4426,0,model_specific_equal_total_country_weight,cluster_robust_country_psu_demeaned,"PRIMARY: statsmodels native cluster-robust SE on demeaned data, use_correction=True (confirmed default; see res.cov_kwds in run log). k_reported=18. No additional absorbed-PSU-FE degrees-of-freedom penalty is applied, because the fixed-effect grouping and the clustering grouping are the same PSU variable (adjudicated convention; cross-validated against linearmodels.PanelOLS(auto_df=True) - see docs/provenance/cluster_fe_inference_adjudication.md). See the FULL_DUMMY_DF_SENSITIVITY row-set below for a labelled sensitivity check only."
model_B_household_cluster_fe,natural_sample_PRIMARY_SAME_CLUSTER_CRV1,haz,natural_sample,_sani_hh_binary,0.02559601138686413,0.042630454781393844,-0.057958144629231156,0.10915016740295941,0.5482289608293278,36040,4426,0,model_specific_equal_total_country_weight,cluster_robust_country_psu_demeaned,"PRIMARY: statsmodels native cluster-robust SE on demeaned data, use_correction=True (confirmed default; see res.cov_kwds in run log). k_reported=18. No additional absorbed-PSU-FE degrees-of-freedom penalty is applied, because the fixed-effect grouping and the clustering grouping are the same PSU variable (adjudicated convention; cross-validated against linearmodels.PanelOLS(auto_df=True) - see docs/provenance/cluster_fe_inference_adjudication.md). See the FULL_DUMMY_DF_SENSITIVITY row-set below for a labelled sensitivity check only."
model_B_household_cluster_fe,natural_sample_PRIMARY_SAME_CLUSTER_CRV1,haz,natural_sample,b19_raw,-0.013896725569697493,0.0007800944828891291,-0.015425682660698584,-0.012367768478696401,5.487845786340263e-71,36040,4426,0,model_specific_equal_total_country_weight,cluster_robust_country_psu_demeaned,"PRIMARY: statsmodels native cluster-robust SE on demeaned data, use_correction=True (confirmed default; see res.cov_kwds in run log). k_reported=18. No additional absorbed-PSU-FE degrees-of-freedom penalty is applied, because the fixed-effect grouping and the clustering grouping are the same PSU variable (adjudicated convention; cross-validated against linearmodels.PanelOLS(auto_df=True) - see docs/provenance/cluster_fe_inference_adjudication.md). See the FULL_DUMMY_DF_SENSITIVITY row-set below for a labelled sensitivity check only."
model_B_household_cluster_fe,natural_sample_PRIMARY_SAME_CLUSTER_CRV1,haz,natural_sample,birth_order_raw,-0.05932107335792132,0.01021933103756974,-0.07935059413765036,-0.039291552578192286,6.444662249604173e-09,36040,4426,0,model_specific_equal_total_country_weight,cluster_robust_country_psu_demeaned,"PRIMARY: statsmodels native cluster-robust SE on demeaned data, use_correction=True (confirmed default; see res.cov_kwds in run log). k_reported=18. No additional absorbed-PSU-FE degrees-of-freedom penalty is applied, because the fixed-effect grouping and the clustering grouping are the same PSU variable (adjudicated convention; cross-validated against linearmodels.PanelOLS(auto_df=True) - see docs/provenance/cluster_fe_inference_adjudication.md). See the FULL_DUMMY_DF_SENSITIVITY row-set below for a labelled sensitivity check only."
model_B_household_cluster_fe,natural_sample_PRIMARY_SAME_CLUSTER_CRV1,haz,natural_sample,maternal_age,0.025756107488220124,0.0033305320992811026,0.019228384524274583,0.032283830452165665,1.0476833498057102e-14,36040,4426,0,model_specific_equal_total_country_weight,cluster_robust_country_psu_demeaned,"PRIMARY: statsmodels native cluster-robust SE on demeaned data, use_correction=True (confirmed default; see res.cov_kwds in run log). k_reported=18. No additional absorbed-PSU-FE degrees-of-freedom penalty is applied, because the fixed-effect grouping and the clustering grouping are the same PSU variable (adjudicated convention; cross-validated against linearmodels.PanelOLS(auto_df=True) - see docs/provenance/cluster_fe_inference_adjudication.md). See the FULL_DUMMY_DF_SENSITIVITY row-set below for a labelled sensitivity check only."
model_B_household_cluster_fe,natural_sample_PRIMARY_SAME_CLUSTER_CRV1,haz,natural_sample,household_size_raw,-0.005624117440261202,0.00573658039937313,-0.016867608417450934,0.005619373536928532,0.3268909446906604,36040,4426,0,model_specific_equal_total_country_weight,cluster_robust_country_psu_demeaned,"PRIMARY: statsmodels native cluster-robust SE on demeaned data, use_correction=True (confirmed default; see res.cov_kwds in run log). k_reported=18. No additional absorbed-PSU-FE degrees-of-freedom penalty is applied, because the fixed-effect grouping and the clustering grouping are the same PSU variable (adjudicated convention; cross-validated against linearmodels.PanelOLS(auto_df=True) - see docs/provenance/cluster_fe_inference_adjudication.md). See the FULL_DUMMY_DF_SENSITIVITY row-set below for a labelled sensitivity check only."
model_B_household_cluster_fe,natural_sample_PRIMARY_SAME_CLUSTER_CRV1,haz,natural_sample,child_sex_Female,0.13633586756707886,0.023502665534077132,0.09027148957959684,0.18240024555456086,6.597239973222924e-09,36040,4426,0,model_specific_equal_total_country_weight,cluster_robust_country_psu_demeaned,"PRIMARY: statsmodels native cluster-robust SE on demeaned data, use_correction=True (confirmed default; see res.cov_kwds in run log). k_reported=18. No additional absorbed-PSU-FE degrees-of-freedom penalty is applied, because the fixed-effect grouping and the clustering grouping are the same PSU variable (adjudicated convention; cross-validated against linearmodels.PanelOLS(auto_df=True) - see docs/provenance/cluster_fe_inference_adjudication.md). See the FULL_DUMMY_DF_SENSITIVITY row-set below for a labelled sensitivity check only."
model_B_household_cluster_fe,natural_sample_PRIMARY_SAME_CLUSTER_CRV1,haz,natural_sample,maternal_education_Higher,0.13378712506243848,0.07513987287886181,-0.01348431958304866,0.28105856970792564,0.07499290416261563,36040,4426,0,model_specific_equal_total_country_weight,cluster_robust_country_psu_demeaned,"PRIMARY: statsmodels native cluster-robust SE on demeaned data, use_correction=True (confirmed default; see res.cov_kwds in run log). k_reported=18. No additional absorbed-PSU-FE degrees-of-freedom penalty is applied, because the fixed-effect grouping and the clustering grouping are the same PSU variable (adjudicated convention; cross-validated against linearmodels.PanelOLS(auto_df=True) - see docs/provenance/cluster_fe_inference_adjudication.md). See the FULL_DUMMY_DF_SENSITIVITY row-set below for a labelled sensitivity check only."
model_B_household_cluster_fe,natural_sample_PRIMARY_SAME_CLUSTER_CRV1,haz,natural_sample,maternal_education_Primary,-0.07487272563525035,0.05176188712430604,-0.17632416017071773,0.026578708900217032,0.14804158261412684,36040,4426,0,model_specific_equal_total_country_weight,cluster_robust_country_psu_demeaned,"PRIMARY: statsmodels native cluster-robust SE on demeaned data, use_correction=True (confirmed default; see res.cov_kwds in run log). k_reported=18. No additional absorbed-PSU-FE degrees-of-freedom penalty is applied, because the fixed-effect grouping and the clustering grouping are the same PSU variable (adjudicated convention; cross-validated against linearmodels.PanelOLS(auto_df=True) - see docs/provenance/cluster_fe_inference_adjudication.md). See the FULL_DUMMY_DF_SENSITIVITY row-set below for a labelled sensitivity check only."
model_B_household_cluster_fe,natural_sample_PRIMARY_SAME_CLUSTER_CRV1,haz,natural_sample,maternal_education_Secondary,-0.02764303375286921,0.05833067135236025,-0.14196904879753758,0.08668298129179917,0.6355696469995119,36040,4426,0,model_specific_equal_total_country_weight,cluster_robust_country_psu_demeaned,"PRIMARY: statsmodels native cluster-robust SE on demeaned data, use_correction=True (confirmed default; see res.cov_kwds in run log). k_reported=18. No additional absorbed-PSU-FE degrees-of-freedom penalty is applied, because the fixed-effect grouping and the clustering grouping are the same PSU variable (adjudicated convention; cross-validated against linearmodels.PanelOLS(auto_df=True) - see docs/provenance/cluster_fe_inference_adjudication.md). See the FULL_DUMMY_DF_SENSITIVITY row-set below for a labelled sensitivity check only."
model_B_household_cluster_fe,natural_sample_PRIMARY_SAME_CLUSTER_CRV1,haz,natural_sample,literacy_Able to read only parts of sentence,0.127141301935758,0.054057754730887475,0.021190049578118833,0.2330925542933972,0.018675131188341087,36040,4426,0,model_specific_equal_total_country_weight,cluster_robust_country_psu_demeaned,"PRIMARY: statsmodels native cluster-robust SE on demeaned data, use_correction=True (confirmed default; see res.cov_kwds in run log). k_reported=18. No additional absorbed-PSU-FE degrees-of-freedom penalty is applied, because the fixed-effect grouping and the clustering grouping are the same PSU variable (adjudicated convention; cross-validated against linearmodels.PanelOLS(auto_df=True) - see docs/provenance/cluster_fe_inference_adjudication.md). See the FULL_DUMMY_DF_SENSITIVITY row-set below for a labelled sensitivity check only."
model_B_household_cluster_fe,natural_sample_PRIMARY_SAME_CLUSTER_CRV1,haz,natural_sample,literacy_Able to read whole sentence,0.11362616625532329,0.04899975442738929,0.017588412326333222,0.20966392018431335,0.020399755522148056,36040,4426,0,model_specific_equal_total_country_weight,cluster_robust_country_psu_demeaned,"PRIMARY: statsmodels native cluster-robust SE on demeaned data, use_correction=True (confirmed default; see res.cov_kwds in run log). k_reported=18. No additional absorbed-PSU-FE degrees-of-freedom penalty is applied, because the fixed-effect grouping and the clustering grouping are the same PSU variable (adjudicated convention; cross-validated against linearmodels.PanelOLS(auto_df=True) - see docs/provenance/cluster_fe_inference_adjudication.md). See the FULL_DUMMY_DF_SENSITIVITY row-set below for a labelled sensitivity check only."
model_B_household_cluster_fe,natural_sample_PRIMARY_SAME_CLUSTER_CRV1,haz,natural_sample,literacy_Blind/visually impaired,1.3335513980001281,0.6258500696574802,0.10690780174958281,2.5601949942506734,0.033106930130192475,36040,4426,0,model_specific_equal_total_country_weight,cluster_robust_country_psu_demeaned,"PRIMARY: statsmodels native cluster-robust SE on demeaned data, use_correction=True (confirmed default; see res.cov_kwds in run log). k_reported=18. No additional absorbed-PSU-FE degrees-of-freedom penalty is applied, because the fixed-effect grouping and the clustering grouping are the same PSU variable (adjudicated convention; cross-validated against linearmodels.PanelOLS(auto_df=True) - see docs/provenance/cluster_fe_inference_adjudication.md). See the FULL_DUMMY_DF_SENSITIVITY row-set below for a labelled sensitivity check only."
model_B_household_cluster_fe,natural_sample_PRIMARY_SAME_CLUSTER_CRV1,haz,natural_sample,literacy_No card with required language,0.3010773630764041,0.2681550434682226,-0.2244968643940849,0.8266515905468931,0.2615337243907978,36040,4426,0,model_specific_equal_total_country_weight,cluster_robust_country_psu_demeaned,"PRIMARY: statsmodels native cluster-robust SE on demeaned data, use_correction=True (confirmed default; see res.cov_kwds in run log). k_reported=18. No additional absorbed-PSU-FE degrees-of-freedom penalty is applied, because the fixed-effect grouping and the clustering grouping are the same PSU variable (adjudicated convention; cross-validated against linearmodels.PanelOLS(auto_df=True) - see docs/provenance/cluster_fe_inference_adjudication.md). See the FULL_DUMMY_DF_SENSITIVITY row-set below for a labelled sensitivity check only."
model_B_household_cluster_fe,natural_sample_PRIMARY_SAME_CLUSTER_CRV1,haz,natural_sample,wealth_quintile_Middle,0.2761344015314382,0.05379929489815817,0.17068972113739872,0.3815790819254777,2.8564993948692855e-07,36040,4426,0,model_specific_equal_total_country_weight,cluster_robust_country_psu_demeaned,"PRIMARY: statsmodels native cluster-robust SE on demeaned data, use_correction=True (confirmed default; see res.cov_kwds in run log). k_reported=18. No additional absorbed-PSU-FE degrees-of-freedom penalty is applied, because the fixed-effect grouping and the clustering grouping are the same PSU variable (adjudicated convention; cross-validated against linearmodels.PanelOLS(auto_df=True) - see docs/provenance/cluster_fe_inference_adjudication.md). See the FULL_DUMMY_DF_SENSITIVITY row-set below for a labelled sensitivity check only."
model_B_household_cluster_fe,natural_sample_PRIMARY_SAME_CLUSTER_CRV1,haz,natural_sample,wealth_quintile_Poorer,0.14626318053192686,0.04216547268771394,0.06362037267290023,0.2289059883909535,0.0005228074532398043,36040,4426,0,model_specific_equal_total_country_weight,cluster_robust_country_psu_demeaned,"PRIMARY: statsmodels native cluster-robust SE on demeaned data, use_correction=True (confirmed default; see res.cov_kwds in run log). k_reported=18. No additional absorbed-PSU-FE degrees-of-freedom penalty is applied, because the fixed-effect grouping and the clustering grouping are the same PSU variable (adjudicated convention; cross-validated against linearmodels.PanelOLS(auto_df=True) - see docs/provenance/cluster_fe_inference_adjudication.md). See the FULL_DUMMY_DF_SENSITIVITY row-set below for a labelled sensitivity check only."
model_B_household_cluster_fe,natural_sample_PRIMARY_SAME_CLUSTER_CRV1,haz,natural_sample,wealth_quintile_Richer,0.38850065300767384,0.06551350045493635,0.2600965516148501,0.5169047544004975,3.0277715069553517e-09,36040,4426,0,model_specific_equal_total_country_weight,cluster_robust_country_psu_demeaned,"PRIMARY: statsmodels native cluster-robust SE on demeaned data, use_correction=True (confirmed default; see res.cov_kwds in run log). k_reported=18. No additional absorbed-PSU-FE degrees-of-freedom penalty is applied, because the fixed-effect grouping and the clustering grouping are the same PSU variable (adjudicated convention; cross-validated against linearmodels.PanelOLS(auto_df=True) - see docs/provenance/cluster_fe_inference_adjudication.md). See the FULL_DUMMY_DF_SENSITIVITY row-set below for a labelled sensitivity check only."
model_B_household_cluster_fe,natural_sample_PRIMARY_SAME_CLUSTER_CRV1,haz,natural_sample,wealth_quintile_Richest,0.5915499096370628,0.08463054183347098,0.42567709565134926,0.7574227236227763,2.7529348946557432e-12,36040,4426,0,model_specific_equal_total_country_weight,cluster_robust_country_psu_demeaned,"PRIMARY: statsmodels native cluster-robust SE on demeaned data, use_correction=True (confirmed default; see res.cov_kwds in run log). k_reported=18. No additional absorbed-PSU-FE degrees-of-freedom penalty is applied, because the fixed-effect grouping and the clustering grouping are the same PSU variable (adjudicated convention; cross-validated against linearmodels.PanelOLS(auto_df=True) - see docs/provenance/cluster_fe_inference_adjudication.md). See the FULL_DUMMY_DF_SENSITIVITY row-set below for a labelled sensitivity check only."
model_B_household_cluster_fe,natural_sample_FULL_DUMMY_DF_SENSITIVITY,haz,natural_sample,_water_hh_binary,-0.08532609265767357,0.04876797003678797,-0.18090955752890647,0.010257372213559338,0.08018150959352788,36040,4426,0,model_specific_equal_total_country_weight,cluster_robust_country_psu_demeaned,"SENSITIVITY ONLY, NOT THE PRIMARY CONVENTION: scale=1.0677 applied as if every one of the 4426 absorbed PSU dummies were an explicitly estimated parameter (k_full_dummy=4444 vs k_reported=18); p/CI recomputed from a normal reference distribution. Retained only for transparency - see docs/provenance/cluster_fe_inference_adjudication.md for why this is not used as the primary inference convention when FE and clustering share the same grouping."
model_B_household_cluster_fe,natural_sample_FULL_DUMMY_DF_SENSITIVITY,haz,natural_sample,_sani_hh_binary,0.02559601138686413,0.04551848763747688,-0.06361858501332225,0.1148106077870505,0.5738971848103152,36040,4426,0,model_specific_equal_total_country_weight,cluster_robust_country_psu_demeaned,"SENSITIVITY ONLY, NOT THE PRIMARY CONVENTION: scale=1.0677 applied as if every one of the 4426 absorbed PSU dummies were an explicitly estimated parameter (k_full_dummy=4444 vs k_reported=18); p/CI recomputed from a normal reference distribution. Retained only for transparency - see docs/provenance/cluster_fe_inference_adjudication.md for why this is not used as the primary inference convention when FE and clustering share the same grouping."
model_B_household_cluster_fe,natural_sample_FULL_DUMMY_DF_SENSITIVITY,haz,natural_sample,b19_raw,-0.013896725569697493,0.0008329425819531863,-0.01552926303151554,-0.012264188107879445,0.0,36040,4426,0,model_specific_equal_total_country_weight,cluster_robust_country_psu_demeaned,"SENSITIVITY ONLY, NOT THE PRIMARY CONVENTION: scale=1.0677 applied as if every one of the 4426 absorbed PSU dummies were an explicitly estimated parameter (k_full_dummy=4444 vs k_reported=18); p/CI recomputed from a normal reference distribution. Retained only for transparency - see docs/provenance/cluster_fe_inference_adjudication.md for why this is not used as the primary inference convention when FE and clustering share the same grouping."
model_B_household_cluster_fe,natural_sample_FULL_DUMMY_DF_SENSITIVITY,haz,natural_sample,birth_order_raw,-0.05932107335792132,0.010911647456783075,-0.08070750938521422,-0.03793463733062842,5.434007799287599e-08,36040,4426,0,model_specific_equal_total_country_weight,cluster_robust_country_psu_demeaned,"SENSITIVITY ONLY, NOT THE PRIMARY CONVENTION: scale=1.0677 applied as if every one of the 4426 absorbed PSU dummies were an explicitly estimated parameter (k_full_dummy=4444 vs k_reported=18); p/CI recomputed from a normal reference distribution. Retained only for transparency - see docs/provenance/cluster_fe_inference_adjudication.md for why this is not used as the primary inference convention when FE and clustering share the same grouping."
model_B_household_cluster_fe,natural_sample_FULL_DUMMY_DF_SENSITIVITY,haz,natural_sample,maternal_age,0.025756107488220124,0.0035561615508149184,0.01878615892541678,0.03272605605102347,4.39870362356487e-13,36040,4426,0,model_specific_equal_total_country_weight,cluster_robust_country_psu_demeaned,"SENSITIVITY ONLY, NOT THE PRIMARY CONVENTION: scale=1.0677 applied as if every one of the 4426 absorbed PSU dummies were an explicitly estimated parameter (k_full_dummy=4444 vs k_reported=18); p/CI recomputed from a normal reference distribution. Retained only for transparency - see docs/provenance/cluster_fe_inference_adjudication.md for why this is not used as the primary inference convention when FE and clustering share the same grouping."
model_B_household_cluster_fe,natural_sample_FULL_DUMMY_DF_SENSITIVITY,haz,natural_sample,household_size_raw,-0.005624117440261202,0.0061252094383995315,-0.017629307337289096,0.00638107245676669,0.3585184300643076,36040,4426,0,model_specific_equal_total_country_weight,cluster_robust_country_psu_demeaned,"SENSITIVITY ONLY, NOT THE PRIMARY CONVENTION: scale=1.0677 applied as if every one of the 4426 absorbed PSU dummies were an explicitly estimated parameter (k_full_dummy=4444 vs k_reported=18); p/CI recomputed from a normal reference distribution. Retained only for transparency - see docs/provenance/cluster_fe_inference_adjudication.md for why this is not used as the primary inference convention when FE and clustering share the same grouping."
model_B_household_cluster_fe,natural_sample_FULL_DUMMY_DF_SENSITIVITY,haz,natural_sample,child_sex_Female,0.13633586756707886,0.025094871636874093,0.08715082296214992,0.18552091217200778,5.547101178393632e-08,36040,4426,0,model_specific_equal_total_country_weight,cluster_robust_country_psu_demeaned,"SENSITIVITY ONLY, NOT THE PRIMARY CONVENTION: scale=1.0677 applied as if every one of the 4426 absorbed PSU dummies were an explicitly estimated parameter (k_full_dummy=4444 vs k_reported=18); p/CI recomputed from a normal reference distribution. Retained only for transparency - see docs/provenance/cluster_fe_inference_adjudication.md for why this is not used as the primary inference convention when FE and clustering share the same grouping."
model_B_household_cluster_fe,natural_sample_FULL_DUMMY_DF_SENSITIVITY,haz,natural_sample,maternal_education_Higher,0.13378712506243848,0.08023028119819245,-0.02346133655553978,0.29103558668041674,0.09540727081607248,36040,4426,0,model_specific_equal_total_country_weight,cluster_robust_country_psu_demeaned,"SENSITIVITY ONLY, NOT THE PRIMARY CONVENTION: scale=1.0677 applied as if every one of the 4426 absorbed PSU dummies were an explicitly estimated parameter (k_full_dummy=4444 vs k_reported=18); p/CI recomputed from a normal reference distribution. Retained only for transparency - see docs/provenance/cluster_fe_inference_adjudication.md for why this is not used as the primary inference convention when FE and clustering share the same grouping."
model_B_household_cluster_fe,natural_sample_FULL_DUMMY_DF_SENSITIVITY,haz,natural_sample,maternal_education_Primary,-0.07487272563525035,0.0552685358681309,-0.1831970654150471,0.03345161414454638,0.17551061987585048,36040,4426,0,model_specific_equal_total_country_weight,cluster_robust_country_psu_demeaned,"SENSITIVITY ONLY, NOT THE PRIMARY CONVENTION: scale=1.0677 applied as if every one of the 4426 absorbed PSU dummies were an explicitly estimated parameter (k_full_dummy=4444 vs k_reported=18); p/CI recomputed from a normal reference distribution. Retained only for transparency - see docs/provenance/cluster_fe_inference_adjudication.md for why this is not used as the primary inference convention when FE and clustering share the same grouping."
model_B_household_cluster_fe,natural_sample_FULL_DUMMY_DF_SENSITIVITY,haz,natural_sample,maternal_education_Secondary,-0.02764303375286921,0.06228232742187333,-0.14971415237307234,0.09442808486733392,0.657162381333416,36040,4426,0,model_specific_equal_total_country_weight,cluster_robust_country_psu_demeaned,"SENSITIVITY ONLY, NOT THE PRIMARY CONVENTION: scale=1.0677 applied as if every one of the 4426 absorbed PSU dummies were an explicitly estimated parameter (k_full_dummy=4444 vs k_reported=18); p/CI recomputed from a normal reference distribution. Retained only for transparency - see docs/provenance/cluster_fe_inference_adjudication.md for why this is not used as the primary inference convention when FE and clustering share the same grouping."
model_B_household_cluster_fe,natural_sample_FULL_DUMMY_DF_SENSITIVITY,haz,natural_sample,literacy_Able to read only parts of sentence,0.127141301935758,0.05771993878661611,0.014012300724133883,0.24027030314738212,0.027613954106330274,36040,4426,0,model_specific_equal_total_country_weight,cluster_robust_country_psu_demeaned,"SENSITIVITY ONLY, NOT THE PRIMARY CONVENTION: scale=1.0677 applied as if every one of the 4426 absorbed PSU dummies were an explicitly estimated parameter (k_full_dummy=4444 vs k_reported=18); p/CI recomputed from a normal reference distribution. Retained only for transparency - see docs/provenance/cluster_fe_inference_adjudication.md for why this is not used as the primary inference convention when FE and clustering share the same grouping."
model_B_household_cluster_fe,natural_sample_FULL_DUMMY_DF_SENSITIVITY,haz,natural_sample,literacy_Able to read whole sentence,0.11362616625532329,0.0523192803731473,0.011082261026901269,0.2161700714837453,0.0298719731428998,36040,4426,0,model_specific_equal_total_country_weight,cluster_robust_country_psu_demeaned,"SENSITIVITY ONLY, NOT THE PRIMARY CONVENTION: scale=1.0677 applied as if every one of the 4426 absorbed PSU dummies were an explicitly estimated parameter (k_full_dummy=4444 vs k_reported=18); p/CI recomputed from a normal reference distribution. Retained only for transparency - see docs/provenance/cluster_fe_inference_adjudication.md for why this is not used as the primary inference convention when FE and clustering share the same grouping."
model_B_household_cluster_fe,natural_sample_FULL_DUMMY_DF_SENSITIVITY,haz,natural_sample,literacy_Blind/visually impaired,1.3335513980001281,0.6682487626440148,0.023807890504404128,2.643294905495852,0.045978430372027645,36040,4426,0,model_specific_equal_total_country_weight,cluster_robust_country_psu_demeaned,"SENSITIVITY ONLY, NOT THE PRIMARY CONVENTION: scale=1.0677 applied as if every one of the 4426 absorbed PSU dummies were an explicitly estimated parameter (k_full_dummy=4444 vs k_reported=18); p/CI recomputed from a normal reference distribution. Retained only for transparency - see docs/provenance/cluster_fe_inference_adjudication.md for why this is not used as the primary inference convention when FE and clustering share the same grouping."
model_B_household_cluster_fe,natural_sample_FULL_DUMMY_DF_SENSITIVITY,haz,natural_sample,literacy_No card with required language,0.3010773630764041,0.28632141255886173,-0.2601022935415992,0.8622570196944074,0.29301233965889306,36040,4426,0,model_specific_equal_total_country_weight,cluster_robust_country_psu_demeaned,"SENSITIVITY ONLY, NOT THE PRIMARY CONVENTION: scale=1.0677 applied as if every one of the 4426 absorbed PSU dummies were an explicitly estimated parameter (k_full_dummy=4444 vs k_reported=18); p/CI recomputed from a normal reference distribution. Retained only for transparency - see docs/provenance/cluster_fe_inference_adjudication.md for why this is not used as the primary inference convention when FE and clustering share the same grouping."
model_B_household_cluster_fe,natural_sample_FULL_DUMMY_DF_SENSITIVITY,haz,natural_sample,wealth_quintile_Middle,0.2761344015314382,0.057443969394283756,0.1635462903896209,0.3887225126732555,1.5319544650616024e-06,36040,4426,0,model_specific_equal_total_country_weight,cluster_robust_country_psu_demeaned,"SENSITIVITY ONLY, NOT THE PRIMARY CONVENTION: scale=1.0677 applied as if every one of the 4426 absorbed PSU dummies were an explicitly estimated parameter (k_full_dummy=4444 vs k_reported=18); p/CI recomputed from a normal reference distribution. Retained only for transparency - see docs/provenance/cluster_fe_inference_adjudication.md for why this is not used as the primary inference convention when FE and clustering share the same grouping."
model_B_household_cluster_fe,natural_sample_FULL_DUMMY_DF_SENSITIVITY,haz,natural_sample,wealth_quintile_Poorer,0.14626318053192686,0.045022004975226355,0.05802167226870007,0.23450468879515363,0.0011593193015777548,36040,4426,0,model_specific_equal_total_country_weight,cluster_robust_country_psu_demeaned,"SENSITIVITY ONLY, NOT THE PRIMARY CONVENTION: scale=1.0677 applied as if every one of the 4426 absorbed PSU dummies were an explicitly estimated parameter (k_full_dummy=4444 vs k_reported=18); p/CI recomputed from a normal reference distribution. Retained only for transparency - see docs/provenance/cluster_fe_inference_adjudication.md for why this is not used as the primary inference convention when FE and clustering share the same grouping."
model_B_household_cluster_fe,natural_sample_FULL_DUMMY_DF_SENSITIVITY,haz,natural_sample,wealth_quintile_Richer,0.38850065300767384,0.06995176279112532,0.2513977172819791,0.5256035887333685,2.7946690517310913e-08,36040,4426,0,model_specific_equal_total_country_weight,cluster_robust_country_psu_demeaned,"SENSITIVITY ONLY, NOT THE PRIMARY CONVENTION: scale=1.0677 applied as if every one of the 4426 absorbed PSU dummies were an explicitly estimated parameter (k_full_dummy=4444 vs k_reported=18); p/CI recomputed from a normal reference distribution. Retained only for transparency - see docs/provenance/cluster_fe_inference_adjudication.md for why this is not used as the primary inference convention when FE and clustering share the same grouping."
model_B_household_cluster_fe,natural_sample_FULL_DUMMY_DF_SENSITIVITY,haz,natural_sample,wealth_quintile_Richest,0.5915499096370628,0.09036390280033192,0.4144399146459341,0.7686599046281914,5.897704546953264e-11,36040,4426,0,model_specific_equal_total_country_weight,cluster_robust_country_psu_demeaned,"SENSITIVITY ONLY, NOT THE PRIMARY CONVENTION: scale=1.0677 applied as if every one of the 4426 absorbed PSU dummies were an explicitly estimated parameter (k_full_dummy=4444 vs k_reported=18); p/CI recomputed from a normal reference distribution. Retained only for transparency - see docs/provenance/cluster_fe_inference_adjudication.md for why this is not used as the primary inference convention when FE and clustering share the same grouping."
model_B_household_cluster_fe,natural_sample_PRIMARY_SAME_CLUSTER_CRV1,waz,natural_sample,_water_hh_binary,-0.028534575067012034,0.03656639061228836,-0.10020338371172077,0.0431342335776967,0.43518501605659776,36308,4426,0,model_specific_equal_total_country_weight,cluster_robust_country_psu_demeaned,"PRIMARY: statsmodels native cluster-robust SE on demeaned data, use_correction=True (confirmed default; see res.cov_kwds in run log). k_reported=18. No additional absorbed-PSU-FE degrees-of-freedom penalty is applied, because the fixed-effect grouping and the clustering grouping are the same PSU variable (adjudicated convention; cross-validated against linearmodels.PanelOLS(auto_df=True) - see docs/provenance/cluster_fe_inference_adjudication.md). See the FULL_DUMMY_DF_SENSITIVITY row-set below for a labelled sensitivity check only."
model_B_household_cluster_fe,natural_sample_PRIMARY_SAME_CLUSTER_CRV1,waz,natural_sample,_sani_hh_binary,0.052412475104666865,0.03461119843095625,-0.015424227281776622,0.12024917749111036,0.12994436810440052,36308,4426,0,model_specific_equal_total_country_weight,cluster_robust_country_psu_demeaned,"PRIMARY: statsmodels native cluster-robust SE on demeaned data, use_correction=True (confirmed default; see res.cov_kwds in run log). k_reported=18. No additional absorbed-PSU-FE degrees-of-freedom penalty is applied, because the fixed-effect grouping and the clustering grouping are the same PSU variable (adjudicated convention; cross-validated against linearmodels.PanelOLS(auto_df=True) - see docs/provenance/cluster_fe_inference_adjudication.md). See the FULL_DUMMY_DF_SENSITIVITY row-set below for a labelled sensitivity check only."
model_B_household_cluster_fe,natural_sample_PRIMARY_SAME_CLUSTER_CRV1,waz,natural_sample,b19_raw,-0.010611132107001162,0.0006265305209398388,-0.011839109363258365,-0.009383154850743959,2.4277855818359708e-64,36308,4426,0,model_specific_equal_total_country_weight,cluster_robust_country_psu_demeaned,"PRIMARY: statsmodels native cluster-robust SE on demeaned data, use_correction=True (confirmed default; see res.cov_kwds in run log). k_reported=18. No additional absorbed-PSU-FE degrees-of-freedom penalty is applied, because the fixed-effect grouping and the clustering grouping are the same PSU variable (adjudicated convention; cross-validated against linearmodels.PanelOLS(auto_df=True) - see docs/provenance/cluster_fe_inference_adjudication.md). See the FULL_DUMMY_DF_SENSITIVITY row-set below for a labelled sensitivity check only."
model_B_household_cluster_fe,natural_sample_PRIMARY_SAME_CLUSTER_CRV1,waz,natural_sample,birth_order_raw,-0.03382706059575401,0.00883417369055335,-0.051141722862409866,-0.01651239832909815,0.0001286052824752725,36308,4426,0,model_specific_equal_total_country_weight,cluster_robust_country_psu_demeaned,"PRIMARY: statsmodels native cluster-robust SE on demeaned data, use_correction=True (confirmed default; see res.cov_kwds in run log). k_reported=18. No additional absorbed-PSU-FE degrees-of-freedom penalty is applied, because the fixed-effect grouping and the clustering grouping are the same PSU variable (adjudicated convention; cross-validated against linearmodels.PanelOLS(auto_df=True) - see docs/provenance/cluster_fe_inference_adjudication.md). See the FULL_DUMMY_DF_SENSITIVITY row-set below for a labelled sensitivity check only."
model_B_household_cluster_fe,natural_sample_PRIMARY_SAME_CLUSTER_CRV1,waz,natural_sample,maternal_age,0.014706666583575972,0.002949082544973554,0.008926571007992082,0.020486762159159864,6.13679838048428e-07,36308,4426,0,model_specific_equal_total_country_weight,cluster_robust_country_psu_demeaned,"PRIMARY: statsmodels native cluster-robust SE on demeaned data, use_correction=True (confirmed default; see res.cov_kwds in run log). k_reported=18. No additional absorbed-PSU-FE degrees-of-freedom penalty is applied, because the fixed-effect grouping and the clustering grouping are the same PSU variable (adjudicated convention; cross-validated against linearmodels.PanelOLS(auto_df=True) - see docs/provenance/cluster_fe_inference_adjudication.md). See the FULL_DUMMY_DF_SENSITIVITY row-set below for a labelled sensitivity check only."
model_B_household_cluster_fe,natural_sample_PRIMARY_SAME_CLUSTER_CRV1,waz,natural_sample,household_size_raw,-0.00866885147042893,0.004417200719898347,-0.01732640579391409,-1.1297146943770042e-05,0.0497017976829593,36308,4426,0,model_specific_equal_total_country_weight,cluster_robust_country_psu_demeaned,"PRIMARY: statsmodels native cluster-robust SE on demeaned data, use_correction=True (confirmed default; see res.cov_kwds in run log). k_reported=18. No additional absorbed-PSU-FE degrees-of-freedom penalty is applied, because the fixed-effect grouping and the clustering grouping are the same PSU variable (adjudicated convention; cross-validated against linearmodels.PanelOLS(auto_df=True) - see docs/provenance/cluster_fe_inference_adjudication.md). See the FULL_DUMMY_DF_SENSITIVITY row-set below for a labelled sensitivity check only."
model_B_household_cluster_fe,natural_sample_PRIMARY_SAME_CLUSTER_CRV1,waz,natural_sample,child_sex_Female,0.08207015532639543,0.019816492016712647,0.04323054467371314,0.12090976597907772,3.4503020784355666e-05,36308,4426,0,model_specific_equal_total_country_weight,cluster_robust_country_psu_demeaned,"PRIMARY: statsmodels native cluster-robust SE on demeaned data, use_correction=True (confirmed default; see res.cov_kwds in run log). k_reported=18. No additional absorbed-PSU-FE degrees-of-freedom penalty is applied, because the fixed-effect grouping and the clustering grouping are the same PSU variable (adjudicated convention; cross-validated against linearmodels.PanelOLS(auto_df=True) - see docs/provenance/cluster_fe_inference_adjudication.md). See the FULL_DUMMY_DF_SENSITIVITY row-set below for a labelled sensitivity check only."
model_B_household_cluster_fe,natural_sample_PRIMARY_SAME_CLUSTER_CRV1,waz,natural_sample,maternal_education_Higher,0.12421514368808478,0.06707586045399448,-0.0072511270337788925,0.25568141440994846,0.0640458418621632,36308,4426,0,model_specific_equal_total_country_weight,cluster_robust_country_psu_demeaned,"PRIMARY: statsmodels native cluster-robust SE on demeaned data, use_correction=True (confirmed default; see res.cov_kwds in run log). k_reported=18. No additional absorbed-PSU-FE degrees-of-freedom penalty is applied, because the fixed-effect grouping and the clustering grouping are the same PSU variable (adjudicated convention; cross-validated against linearmodels.PanelOLS(auto_df=True) - see docs/provenance/cluster_fe_inference_adjudication.md). See the FULL_DUMMY_DF_SENSITIVITY row-set below for a labelled sensitivity check only."
model_B_household_cluster_fe,natural_sample_PRIMARY_SAME_CLUSTER_CRV1,waz,natural_sample,maternal_education_Primary,-0.04540307584855419,0.046847321225309026,-0.13722213822233872,0.04641598652523033,0.33245976388758414,36308,4426,0,model_specific_equal_total_country_weight,cluster_robust_country_psu_demeaned,"PRIMARY: statsmodels native cluster-robust SE on demeaned data, use_correction=True (confirmed default; see res.cov_kwds in run log). k_reported=18. No additional absorbed-PSU-FE degrees-of-freedom penalty is applied, because the fixed-effect grouping and the clustering grouping are the same PSU variable (adjudicated convention; cross-validated against linearmodels.PanelOLS(auto_df=True) - see docs/provenance/cluster_fe_inference_adjudication.md). See the FULL_DUMMY_DF_SENSITIVITY row-set below for a labelled sensitivity check only."
model_B_household_cluster_fe,natural_sample_PRIMARY_SAME_CLUSTER_CRV1,waz,natural_sample,maternal_education_Secondary,0.00305872305904889,0.05443433137893116,-0.10363060596617472,0.1097480520842725,0.9551895989230151,36308,4426,0,model_specific_equal_total_country_weight,cluster_robust_country_psu_demeaned,"PRIMARY: statsmodels native cluster-robust SE on demeaned data, use_correction=True (confirmed default; see res.cov_kwds in run log). k_reported=18. No additional absorbed-PSU-FE degrees-of-freedom penalty is applied, because the fixed-effect grouping and the clustering grouping are the same PSU variable (adjudicated convention; cross-validated against linearmodels.PanelOLS(auto_df=True) - see docs/provenance/cluster_fe_inference_adjudication.md). See the FULL_DUMMY_DF_SENSITIVITY row-set below for a labelled sensitivity check only."
model_B_household_cluster_fe,natural_sample_PRIMARY_SAME_CLUSTER_CRV1,waz,natural_sample,literacy_Able to read only parts of sentence,0.07956289218218199,0.04970819886768953,-0.01786338733484419,0.17698917169920816,0.10946576933158624,36308,4426,0,model_specific_equal_total_country_weight,cluster_robust_country_psu_demeaned,"PRIMARY: statsmodels native cluster-robust SE on demeaned data, use_correction=True (confirmed default; see res.cov_kwds in run log). k_reported=18. No additional absorbed-PSU-FE degrees-of-freedom penalty is applied, because the fixed-effect grouping and the clustering grouping are the same PSU variable (adjudicated convention; cross-validated against linearmodels.PanelOLS(auto_df=True) - see docs/provenance/cluster_fe_inference_adjudication.md). See the FULL_DUMMY_DF_SENSITIVITY row-set below for a labelled sensitivity check only."
model_B_household_cluster_fe,natural_sample_PRIMARY_SAME_CLUSTER_CRV1,waz,natural_sample,literacy_Able to read whole sentence,0.08693943775221537,0.04815028240941811,-0.0074333816156766375,0.18131225712010737,0.0709831546765154,36308,4426,0,model_specific_equal_total_country_weight,cluster_robust_country_psu_demeaned,"PRIMARY: statsmodels native cluster-robust SE on demeaned data, use_correction=True (confirmed default; see res.cov_kwds in run log). k_reported=18. No additional absorbed-PSU-FE degrees-of-freedom penalty is applied, because the fixed-effect grouping and the clustering grouping are the same PSU variable (adjudicated convention; cross-validated against linearmodels.PanelOLS(auto_df=True) - see docs/provenance/cluster_fe_inference_adjudication.md). See the FULL_DUMMY_DF_SENSITIVITY row-set below for a labelled sensitivity check only."
model_B_household_cluster_fe,natural_sample_PRIMARY_SAME_CLUSTER_CRV1,waz,natural_sample,literacy_Blind/visually impaired,0.7670195220817047,0.2677427403729238,0.2422533938287158,1.2917856503346936,0.004173213213859916,36308,4426,0,model_specific_equal_total_country_weight,cluster_robust_country_psu_demeaned,"PRIMARY: statsmodels native cluster-robust SE on demeaned data, use_correction=True (confirmed default; see res.cov_kwds in run log). k_reported=18. No additional absorbed-PSU-FE degrees-of-freedom penalty is applied, because the fixed-effect grouping and the clustering grouping are the same PSU variable (adjudicated convention; cross-validated against linearmodels.PanelOLS(auto_df=True) - see docs/provenance/cluster_fe_inference_adjudication.md). See the FULL_DUMMY_DF_SENSITIVITY row-set below for a labelled sensitivity check only."
model_B_household_cluster_fe,natural_sample_PRIMARY_SAME_CLUSTER_CRV1,waz,natural_sample,literacy_No card with required language,0.5404715776021157,0.3386087886220984,-0.1231894529459332,1.2041326081501647,0.11045454328068119,36308,4426,0,model_specific_equal_total_country_weight,cluster_robust_country_psu_demeaned,"PRIMARY: statsmodels native cluster-robust SE on demeaned data, use_correction=True (confirmed default; see res.cov_kwds in run log). k_reported=18. No additional absorbed-PSU-FE degrees-of-freedom penalty is applied, because the fixed-effect grouping and the clustering grouping are the same PSU variable (adjudicated convention; cross-validated against linearmodels.PanelOLS(auto_df=True) - see docs/provenance/cluster_fe_inference_adjudication.md). See the FULL_DUMMY_DF_SENSITIVITY row-set below for a labelled sensitivity check only."
model_B_household_cluster_fe,natural_sample_PRIMARY_SAME_CLUSTER_CRV1,waz,natural_sample,wealth_quintile_Middle,0.21445161646295363,0.04319714343733823,0.12978677109075995,0.2991164618351473,6.888323309409989e-07,36308,4426,0,model_specific_equal_total_country_weight,cluster_robust_country_psu_demeaned,"PRIMARY: statsmodels native cluster-robust SE on demeaned data, use_correction=True (confirmed default; see res.cov_kwds in run log). k_reported=18. No additional absorbed-PSU-FE degrees-of-freedom penalty is applied, because the fixed-effect grouping and the clustering grouping are the same PSU variable (adjudicated convention; cross-validated against linearmodels.PanelOLS(auto_df=True) - see docs/provenance/cluster_fe_inference_adjudication.md). See the FULL_DUMMY_DF_SENSITIVITY row-set below for a labelled sensitivity check only."
model_B_household_cluster_fe,natural_sample_PRIMARY_SAME_CLUSTER_CRV1,waz,natural_sample,wealth_quintile_Poorer,0.09028550238675079,0.03406932352300227,0.023510855304023068,0.1570601494694785,0.008047921904173895,36308,4426,0,model_specific_equal_total_country_weight,cluster_robust_country_psu_demeaned,"PRIMARY: statsmodels native cluster-robust SE on demeaned data, use_correction=True (confirmed default; see res.cov_kwds in run log). k_reported=18. No additional absorbed-PSU-FE degrees-of-freedom penalty is applied, because the fixed-effect grouping and the clustering grouping are the same PSU variable (adjudicated convention; cross-validated against linearmodels.PanelOLS(auto_df=True) - see docs/provenance/cluster_fe_inference_adjudication.md). See the FULL_DUMMY_DF_SENSITIVITY row-set below for a labelled sensitivity check only."
model_B_household_cluster_fe,natural_sample_PRIMARY_SAME_CLUSTER_CRV1,waz,natural_sample,wealth_quintile_Richer,0.2647562388581558,0.05211812714949813,0.1626065867034603,0.3669058910128513,3.7758154910421436e-07,36308,4426,0,model_specific_equal_total_country_weight,cluster_robust_country_psu_demeaned,"PRIMARY: statsmodels native cluster-robust SE on demeaned data, use_correction=True (confirmed default; see res.cov_kwds in run log). k_reported=18. No additional absorbed-PSU-FE degrees-of-freedom penalty is applied, because the fixed-effect grouping and the clustering grouping are the same PSU variable (adjudicated convention; cross-validated against linearmodels.PanelOLS(auto_df=True) - see docs/provenance/cluster_fe_inference_adjudication.md). See the FULL_DUMMY_DF_SENSITIVITY row-set below for a labelled sensitivity check only."
model_B_household_cluster_fe,natural_sample_PRIMARY_SAME_CLUSTER_CRV1,waz,natural_sample,wealth_quintile_Richest,0.4320222011578459,0.07113313684448723,0.29260381483529174,0.5714405874804,1.252057820311719e-09,36308,4426,0,model_specific_equal_total_country_weight,cluster_robust_country_psu_demeaned,"PRIMARY: statsmodels native cluster-robust SE on demeaned data, use_correction=True (confirmed default; see res.cov_kwds in run log). k_reported=18. No additional absorbed-PSU-FE degrees-of-freedom penalty is applied, because the fixed-effect grouping and the clustering grouping are the same PSU variable (adjudicated convention; cross-validated against linearmodels.PanelOLS(auto_df=True) - see docs/provenance/cluster_fe_inference_adjudication.md). See the FULL_DUMMY_DF_SENSITIVITY row-set below for a labelled sensitivity check only."
model_B_household_cluster_fe,natural_sample_FULL_DUMMY_DF_SENSITIVITY,waz,natural_sample,_water_hh_binary,-0.028534575067012034,0.03902342929530226,-0.10501909103904972,0.047949940905025655,0.46464692838270816,36308,4426,0,model_specific_equal_total_country_weight,cluster_robust_country_psu_demeaned,"SENSITIVITY ONLY, NOT THE PRIMARY CONVENTION: scale=1.0672 applied as if every one of the 4426 absorbed PSU dummies were an explicitly estimated parameter (k_full_dummy=4444 vs k_reported=18); p/CI recomputed from a normal reference distribution. Retained only for transparency - see docs/provenance/cluster_fe_inference_adjudication.md for why this is not used as the primary inference convention when FE and clustering share the same grouping."
model_B_household_cluster_fe,natural_sample_FULL_DUMMY_DF_SENSITIVITY,waz,natural_sample,_sani_hh_binary,0.052412475104666865,0.03693686011061218,-0.01998244041412716,0.12480739062346088,0.15590635186704738,36308,4426,0,model_specific_equal_total_country_weight,cluster_robust_country_psu_demeaned,"SENSITIVITY ONLY, NOT THE PRIMARY CONVENTION: scale=1.0672 applied as if every one of the 4426 absorbed PSU dummies were an explicitly estimated parameter (k_full_dummy=4444 vs k_reported=18); p/CI recomputed from a normal reference distribution. Retained only for transparency - see docs/provenance/cluster_fe_inference_adjudication.md for why this is not used as the primary inference convention when FE and clustering share the same grouping."
model_B_household_cluster_fe,natural_sample_FULL_DUMMY_DF_SENSITIVITY,waz,natural_sample,b19_raw,-0.010611132107001162,0.0006686295550600045,-0.011921621953917811,-0.009300642260084513,0.0,36308,4426,0,model_specific_equal_total_country_weight,cluster_robust_country_psu_demeaned,"SENSITIVITY ONLY, NOT THE PRIMARY CONVENTION: scale=1.0672 applied as if every one of the 4426 absorbed PSU dummies were an explicitly estimated parameter (k_full_dummy=4444 vs k_reported=18); p/CI recomputed from a normal reference distribution. Retained only for transparency - see docs/provenance/cluster_fe_inference_adjudication.md for why this is not used as the primary inference convention when FE and clustering share the same grouping."
model_B_household_cluster_fe,natural_sample_FULL_DUMMY_DF_SENSITIVITY,waz,natural_sample,birth_order_raw,-0.03382706059575401,0.009427776343883285,-0.052305162684063954,-0.015348958507444062,0.00033319731081693504,36308,4426,0,model_specific_equal_total_country_weight,cluster_robust_country_psu_demeaned,"SENSITIVITY ONLY, NOT THE PRIMARY CONVENTION: scale=1.0672 applied as if every one of the 4426 absorbed PSU dummies were an explicitly estimated parameter (k_full_dummy=4444 vs k_reported=18); p/CI recomputed from a normal reference distribution. Retained only for transparency - see docs/provenance/cluster_fe_inference_adjudication.md for why this is not used as the primary inference convention when FE and clustering share the same grouping."
model_B_household_cluster_fe,natural_sample_FULL_DUMMY_DF_SENSITIVITY,waz,natural_sample,maternal_age,0.014706666583575972,0.003147242925888099,0.008538183798236836,0.02087514936891511,2.9701539738802296e-06,36308,4426,0,model_specific_equal_total_country_weight,cluster_robust_country_psu_demeaned,"SENSITIVITY ONLY, NOT THE PRIMARY CONVENTION: scale=1.0672 applied as if every one of the 4426 absorbed PSU dummies were an explicitly estimated parameter (k_full_dummy=4444 vs k_reported=18); p/CI recomputed from a normal reference distribution. Retained only for transparency - see docs/provenance/cluster_fe_inference_adjudication.md for why this is not used as the primary inference convention when FE and clustering share the same grouping."
model_B_household_cluster_fe,natural_sample_FULL_DUMMY_DF_SENSITIVITY,waz,natural_sample,household_size_raw,-0.00866885147042893,0.004714009698244156,-0.017908140701760004,0.0005704377609021434,0.06592181242962014,36308,4426,0,model_specific_equal_total_country_weight,cluster_robust_country_psu_demeaned,"SENSITIVITY ONLY, NOT THE PRIMARY CONVENTION: scale=1.0672 applied as if every one of the 4426 absorbed PSU dummies were an explicitly estimated parameter (k_full_dummy=4444 vs k_reported=18); p/CI recomputed from a normal reference distribution. Retained only for transparency - see docs/provenance/cluster_fe_inference_adjudication.md for why this is not used as the primary inference convention when FE and clustering share the same grouping."
model_B_household_cluster_fe,natural_sample_FULL_DUMMY_DF_SENSITIVITY,waz,natural_sample,child_sex_Female,0.08207015532639543,0.021148039556171914,0.04062075945267005,0.12351955120012081,0.00010413684930221656,36308,4426,0,model_specific_equal_total_country_weight,cluster_robust_country_psu_demeaned,"SENSITIVITY ONLY, NOT THE PRIMARY CONVENTION: scale=1.0672 applied as if every one of the 4426 absorbed PSU dummies were an explicitly estimated parameter (k_full_dummy=4444 vs k_reported=18); p/CI recomputed from a normal reference distribution. Retained only for transparency - see docs/provenance/cluster_fe_inference_adjudication.md for why this is not used as the primary inference convention when FE and clustering share the same grouping."
model_B_household_cluster_fe,natural_sample_FULL_DUMMY_DF_SENSITIVITY,waz,natural_sample,maternal_education_Higher,0.12421514368808478,0.07158294964361009,-0.01608485952053529,0.26451514689670486,0.08269448012935143,36308,4426,0,model_specific_equal_total_country_weight,cluster_robust_country_psu_demeaned,"SENSITIVITY ONLY, NOT THE PRIMARY CONVENTION: scale=1.0672 applied as if every one of the 4426 absorbed PSU dummies were an explicitly estimated parameter (k_full_dummy=4444 vs k_reported=18); p/CI recomputed from a normal reference distribution. Retained only for transparency - see docs/provenance/cluster_fe_inference_adjudication.md for why this is not used as the primary inference convention when FE and clustering share the same grouping."
model_B_household_cluster_fe,natural_sample_FULL_DUMMY_DF_SENSITIVITY,waz,natural_sample,maternal_education_Primary,-0.04540307584855419,0.049995175813053884,-0.14339181984288782,0.05258566814577944,0.36379943174203144,36308,4426,0,model_specific_equal_total_country_weight,cluster_robust_country_psu_demeaned,"SENSITIVITY ONLY, NOT THE PRIMARY CONVENTION: scale=1.0672 applied as if every one of the 4426 absorbed PSU dummies were an explicitly estimated parameter (k_full_dummy=4444 vs k_reported=18); p/CI recomputed from a normal reference distribution. Retained only for transparency - see docs/provenance/cluster_fe_inference_adjudication.md for why this is not used as the primary inference convention when FE and clustering share the same grouping."
model_B_household_cluster_fe,natural_sample_FULL_DUMMY_DF_SENSITIVITY,waz,natural_sample,maternal_education_Secondary,0.00305872305904889,0.05809198682816996,-0.11079947891453944,0.11691692503263722,0.9580083097501848,36308,4426,0,model_specific_equal_total_country_weight,cluster_robust_country_psu_demeaned,"SENSITIVITY ONLY, NOT THE PRIMARY CONVENTION: scale=1.0672 applied as if every one of the 4426 absorbed PSU dummies were an explicitly estimated parameter (k_full_dummy=4444 vs k_reported=18); p/CI recomputed from a normal reference distribution. Retained only for transparency - see docs/provenance/cluster_fe_inference_adjudication.md for why this is not used as the primary inference convention when FE and clustering share the same grouping."
model_B_household_cluster_fe,natural_sample_FULL_DUMMY_DF_SENSITIVITY,waz,natural_sample,literacy_Able to read only parts of sentence,0.07956289218218199,0.053048287004247824,-0.024409839787687945,0.18353562415205193,0.13366098452892317,36308,4426,0,model_specific_equal_total_country_weight,cluster_robust_country_psu_demeaned,"SENSITIVITY ONLY, NOT THE PRIMARY CONVENTION: scale=1.0672 applied as if every one of the 4426 absorbed PSU dummies were an explicitly estimated parameter (k_full_dummy=4444 vs k_reported=18); p/CI recomputed from a normal reference distribution. Retained only for transparency - see docs/provenance/cluster_fe_inference_adjudication.md for why this is not used as the primary inference convention when FE and clustering share the same grouping."
model_B_household_cluster_fe,natural_sample_FULL_DUMMY_DF_SENSITIVITY,waz,natural_sample,literacy_Able to read whole sentence,0.08693943775221537,0.051385688050964426,-0.013774660148485107,0.18765353565291584,0.09066507117839295,36308,4426,0,model_specific_equal_total_country_weight,cluster_robust_country_psu_demeaned,"SENSITIVITY ONLY, NOT THE PRIMARY CONVENTION: scale=1.0672 applied as if every one of the 4426 absorbed PSU dummies were an explicitly estimated parameter (k_full_dummy=4444 vs k_reported=18); p/CI recomputed from a normal reference distribution. Retained only for transparency - see docs/provenance/cluster_fe_inference_adjudication.md for why this is not used as the primary inference convention when FE and clustering share the same grouping."
model_B_household_cluster_fe,natural_sample_FULL_DUMMY_DF_SENSITIVITY,waz,natural_sample,literacy_Blind/visually impaired,0.7670195220817047,0.2857334214102626,0.20699230693818405,1.3270467372252253,0.007266260708086447,36308,4426,0,model_specific_equal_total_country_weight,cluster_robust_country_psu_demeaned,"SENSITIVITY ONLY, NOT THE PRIMARY CONVENTION: scale=1.0672 applied as if every one of the 4426 absorbed PSU dummies were an explicitly estimated parameter (k_full_dummy=4444 vs k_reported=18); p/CI recomputed from a normal reference distribution. Retained only for transparency - see docs/provenance/cluster_fe_inference_adjudication.md for why this is not used as the primary inference convention when FE and clustering share the same grouping."
model_B_household_cluster_fe,natural_sample_FULL_DUMMY_DF_SENSITIVITY,waz,natural_sample,literacy_No card with required language,0.5404715776021157,0.36136123637868345,-0.16778343110896898,1.2487265863132004,0.13474369978452905,36308,4426,0,model_specific_equal_total_country_weight,cluster_robust_country_psu_demeaned,"SENSITIVITY ONLY, NOT THE PRIMARY CONVENTION: scale=1.0672 applied as if every one of the 4426 absorbed PSU dummies were an explicitly estimated parameter (k_full_dummy=4444 vs k_reported=18); p/CI recomputed from a normal reference distribution. Retained only for transparency - see docs/provenance/cluster_fe_inference_adjudication.md for why this is not used as the primary inference convention when FE and clustering share the same grouping."
model_B_household_cluster_fe,natural_sample_FULL_DUMMY_DF_SENSITIVITY,waz,natural_sample,wealth_quintile_Middle,0.21445161646295363,0.04609972831498191,0.12409780926850773,0.30480542365739954,3.2888052392543443e-06,36308,4426,0,model_specific_equal_total_country_weight,cluster_robust_country_psu_demeaned,"SENSITIVITY ONLY, NOT THE PRIMARY CONVENTION: scale=1.0672 applied as if every one of the 4426 absorbed PSU dummies were an explicitly estimated parameter (k_full_dummy=4444 vs k_reported=18); p/CI recomputed from a normal reference distribution. Retained only for transparency - see docs/provenance/cluster_fe_inference_adjudication.md for why this is not used as the primary inference convention when FE and clustering share the same grouping."
model_B_household_cluster_fe,natural_sample_FULL_DUMMY_DF_SENSITIVITY,waz,natural_sample,wealth_quintile_Poorer,0.09028550238675079,0.03635857451000017,0.01902400581793441,0.16154699895556718,0.013020906342261496,36308,4426,0,model_specific_equal_total_country_weight,cluster_robust_country_psu_demeaned,"SENSITIVITY ONLY, NOT THE PRIMARY CONVENTION: scale=1.0672 applied as if every one of the 4426 absorbed PSU dummies were an explicitly estimated parameter (k_full_dummy=4444 vs k_reported=18); p/CI recomputed from a normal reference distribution. Retained only for transparency - see docs/provenance/cluster_fe_inference_adjudication.md for why this is not used as the primary inference convention when FE and clustering share the same grouping."
model_B_household_cluster_fe,natural_sample_FULL_DUMMY_DF_SENSITIVITY,waz,natural_sample,wealth_quintile_Richer,0.2647562388581558,0.05562014778506832,0.15574275238462665,0.37376972533168495,1.935182074586095e-06,36308,4426,0,model_specific_equal_total_country_weight,cluster_robust_country_psu_demeaned,"SENSITIVITY ONLY, NOT THE PRIMARY CONVENTION: scale=1.0672 applied as if every one of the 4426 absorbed PSU dummies were an explicitly estimated parameter (k_full_dummy=4444 vs k_reported=18); p/CI recomputed from a normal reference distribution. Retained only for transparency - see docs/provenance/cluster_fe_inference_adjudication.md for why this is not used as the primary inference convention when FE and clustering share the same grouping."
model_B_household_cluster_fe,natural_sample_FULL_DUMMY_DF_SENSITIVITY,waz,natural_sample,wealth_quintile_Richest,0.4320222011578459,0.07591285029020783,0.2832357486252576,0.5808086536904342,1.2627636269968434e-08,36308,4426,0,model_specific_equal_total_country_weight,cluster_robust_country_psu_demeaned,"SENSITIVITY ONLY, NOT THE PRIMARY CONVENTION: scale=1.0672 applied as if every one of the 4426 absorbed PSU dummies were an explicitly estimated parameter (k_full_dummy=4444 vs k_reported=18); p/CI recomputed from a normal reference distribution. Retained only for transparency - see docs/provenance/cluster_fe_inference_adjudication.md for why this is not used as the primary inference convention when FE and clustering share the same grouping."
model_B_household_cluster_fe,natural_sample_PRIMARY_SAME_CLUSTER_CRV1,whz,natural_sample,_water_hh_binary,0.011602106946916692,0.03770209951064175,-0.06229265023548632,0.0854968641293197,0.7582869854065684,36145,4426,0,model_specific_equal_total_country_weight,cluster_robust_country_psu_demeaned,"PRIMARY: statsmodels native cluster-robust SE on demeaned data, use_correction=True (confirmed default; see res.cov_kwds in run log). k_reported=18. No additional absorbed-PSU-FE degrees-of-freedom penalty is applied, because the fixed-effect grouping and the clustering grouping are the same PSU variable (adjudicated convention; cross-validated against linearmodels.PanelOLS(auto_df=True) - see docs/provenance/cluster_fe_inference_adjudication.md). See the FULL_DUMMY_DF_SENSITIVITY row-set below for a labelled sensitivity check only."
model_B_household_cluster_fe,natural_sample_PRIMARY_SAME_CLUSTER_CRV1,whz,natural_sample,_sani_hh_binary,0.052575812548320985,0.03402028633133754,-0.014102723404840867,0.11925434850148284,0.12224341508871116,36145,4426,0,model_specific_equal_total_country_weight,cluster_robust_country_psu_demeaned,"PRIMARY: statsmodels native cluster-robust SE on demeaned data, use_correction=True (confirmed default; see res.cov_kwds in run log). k_reported=18. No additional absorbed-PSU-FE degrees-of-freedom penalty is applied, because the fixed-effect grouping and the clustering grouping are the same PSU variable (adjudicated convention; cross-validated against linearmodels.PanelOLS(auto_df=True) - see docs/provenance/cluster_fe_inference_adjudication.md). See the FULL_DUMMY_DF_SENSITIVITY row-set below for a labelled sensitivity check only."
model_B_household_cluster_fe,natural_sample_PRIMARY_SAME_CLUSTER_CRV1,whz,natural_sample,b19_raw,-0.0039236881028759454,0.000684567270483986,-0.0052654152980194475,-0.0025819609077324434,9.9468527497203e-09,36145,4426,0,model_specific_equal_total_country_weight,cluster_robust_country_psu_demeaned,"PRIMARY: statsmodels native cluster-robust SE on demeaned data, use_correction=True (confirmed default; see res.cov_kwds in run log). k_reported=18. No additional absorbed-PSU-FE degrees-of-freedom penalty is applied, because the fixed-effect grouping and the clustering grouping are the same PSU variable (adjudicated convention; cross-validated against linearmodels.PanelOLS(auto_df=True) - see docs/provenance/cluster_fe_inference_adjudication.md). See the FULL_DUMMY_DF_SENSITIVITY row-set below for a labelled sensitivity check only."
model_B_household_cluster_fe,natural_sample_PRIMARY_SAME_CLUSTER_CRV1,whz,natural_sample,birth_order_raw,-0.0016840586611791544,0.008859647694007485,-0.019048649057147166,0.015680531734788856,0.849244953727233,36145,4426,0,model_specific_equal_total_country_weight,cluster_robust_country_psu_demeaned,"PRIMARY: statsmodels native cluster-robust SE on demeaned data, use_correction=True (confirmed default; see res.cov_kwds in run log). k_reported=18. No additional absorbed-PSU-FE degrees-of-freedom penalty is applied, because the fixed-effect grouping and the clustering grouping are the same PSU variable (adjudicated convention; cross-validated against linearmodels.PanelOLS(auto_df=True) - see docs/provenance/cluster_fe_inference_adjudication.md). See the FULL_DUMMY_DF_SENSITIVITY row-set below for a labelled sensitivity check only."
model_B_household_cluster_fe,natural_sample_PRIMARY_SAME_CLUSTER_CRV1,whz,natural_sample,maternal_age,-2.9332641308959154e-05,0.0029456458639160917,-0.005802692445793872,0.005744027163175954,0.9920548239946051,36145,4426,0,model_specific_equal_total_country_weight,cluster_robust_country_psu_demeaned,"PRIMARY: statsmodels native cluster-robust SE on demeaned data, use_correction=True (confirmed default; see res.cov_kwds in run log). k_reported=18. No additional absorbed-PSU-FE degrees-of-freedom penalty is applied, because the fixed-effect grouping and the clustering grouping are the same PSU variable (adjudicated convention; cross-validated against linearmodels.PanelOLS(auto_df=True) - see docs/provenance/cluster_fe_inference_adjudication.md). See the FULL_DUMMY_DF_SENSITIVITY row-set below for a labelled sensitivity check only."
model_B_household_cluster_fe,natural_sample_PRIMARY_SAME_CLUSTER_CRV1,whz,natural_sample,household_size_raw,-0.006049614738627005,0.005051908001082571,-0.01595117247395858,0.00385194299670457,0.2311152045391821,36145,4426,0,model_specific_equal_total_country_weight,cluster_robust_country_psu_demeaned,"PRIMARY: statsmodels native cluster-robust SE on demeaned data, use_correction=True (confirmed default; see res.cov_kwds in run log). k_reported=18. No additional absorbed-PSU-FE degrees-of-freedom penalty is applied, because the fixed-effect grouping and the clustering grouping are the same PSU variable (adjudicated convention; cross-validated against linearmodels.PanelOLS(auto_df=True) - see docs/provenance/cluster_fe_inference_adjudication.md). See the FULL_DUMMY_DF_SENSITIVITY row-set below for a labelled sensitivity check only."
model_B_household_cluster_fe,natural_sample_PRIMARY_SAME_CLUSTER_CRV1,whz,natural_sample,child_sex_Female,0.03274951743710084,0.020753249650576244,-0.007926104440197056,0.07342513931439873,0.1145557636926768,36145,4426,0,model_specific_equal_total_country_weight,cluster_robust_country_psu_demeaned,"PRIMARY: statsmodels native cluster-robust SE on demeaned data, use_correction=True (confirmed default; see res.cov_kwds in run log). k_reported=18. No additional absorbed-PSU-FE degrees-of-freedom penalty is applied, because the fixed-effect grouping and the clustering grouping are the same PSU variable (adjudicated convention; cross-validated against linearmodels.PanelOLS(auto_df=True) - see docs/provenance/cluster_fe_inference_adjudication.md). See the FULL_DUMMY_DF_SENSITIVITY row-set below for a labelled sensitivity check only."
model_B_household_cluster_fe,natural_sample_PRIMARY_SAME_CLUSTER_CRV1,whz,natural_sample,maternal_education_Higher,0.049341838996052496,0.06806072595220439,-0.08405473263191868,0.18273841062402366,0.4684717466024415,36145,4426,0,model_specific_equal_total_country_weight,cluster_robust_country_psu_demeaned,"PRIMARY: statsmodels native cluster-robust SE on demeaned data, use_correction=True (confirmed default; see res.cov_kwds in run log). k_reported=18. No additional absorbed-PSU-FE degrees-of-freedom penalty is applied, because the fixed-effect grouping and the clustering grouping are the same PSU variable (adjudicated convention; cross-validated against linearmodels.PanelOLS(auto_df=True) - see docs/provenance/cluster_fe_inference_adjudication.md). See the FULL_DUMMY_DF_SENSITIVITY row-set below for a labelled sensitivity check only."
model_B_household_cluster_fe,natural_sample_PRIMARY_SAME_CLUSTER_CRV1,whz,natural_sample,maternal_education_Primary,0.0060317850048174845,0.05001007709079702,-0.09198616495721632,0.1040497349668513,0.9039988453223984,36145,4426,0,model_specific_equal_total_country_weight,cluster_robust_country_psu_demeaned,"PRIMARY: statsmodels native cluster-robust SE on demeaned data, use_correction=True (confirmed default; see res.cov_kwds in run log). k_reported=18. No additional absorbed-PSU-FE degrees-of-freedom penalty is applied, because the fixed-effect grouping and the clustering grouping are the same PSU variable (adjudicated convention; cross-validated against linearmodels.PanelOLS(auto_df=True) - see docs/provenance/cluster_fe_inference_adjudication.md). See the FULL_DUMMY_DF_SENSITIVITY row-set below for a labelled sensitivity check only."
model_B_household_cluster_fe,natural_sample_PRIMARY_SAME_CLUSTER_CRV1,whz,natural_sample,maternal_education_Secondary,-0.0013969153966337002,0.05798396566856437,-0.11504339978782682,0.11224956899455943,0.9807796964516319,36145,4426,0,model_specific_equal_total_country_weight,cluster_robust_country_psu_demeaned,"PRIMARY: statsmodels native cluster-robust SE on demeaned data, use_correction=True (confirmed default; see res.cov_kwds in run log). k_reported=18. No additional absorbed-PSU-FE degrees-of-freedom penalty is applied, because the fixed-effect grouping and the clustering grouping are the same PSU variable (adjudicated convention; cross-validated against linearmodels.PanelOLS(auto_df=True) - see docs/provenance/cluster_fe_inference_adjudication.md). See the FULL_DUMMY_DF_SENSITIVITY row-set below for a labelled sensitivity check only."
model_B_household_cluster_fe,natural_sample_PRIMARY_SAME_CLUSTER_CRV1,whz,natural_sample,literacy_Able to read only parts of sentence,0.02624147679708226,0.053064133196529265,-0.07776231313895139,0.13024526673311593,0.6209363021816775,36145,4426,0,model_specific_equal_total_country_weight,cluster_robust_country_psu_demeaned,"PRIMARY: statsmodels native cluster-robust SE on demeaned data, use_correction=True (confirmed default; see res.cov_kwds in run log). k_reported=18. No additional absorbed-PSU-FE degrees-of-freedom penalty is applied, because the fixed-effect grouping and the clustering grouping are the same PSU variable (adjudicated convention; cross-validated against linearmodels.PanelOLS(auto_df=True) - see docs/provenance/cluster_fe_inference_adjudication.md). See the FULL_DUMMY_DF_SENSITIVITY row-set below for a labelled sensitivity check only."
model_B_household_cluster_fe,natural_sample_PRIMARY_SAME_CLUSTER_CRV1,whz,natural_sample,literacy_Able to read whole sentence,0.043964842167869486,0.05542666475280907,-0.06466942453081195,0.15259910886655093,0.42765698075071634,36145,4426,0,model_specific_equal_total_country_weight,cluster_robust_country_psu_demeaned,"PRIMARY: statsmodels native cluster-robust SE on demeaned data, use_correction=True (confirmed default; see res.cov_kwds in run log). k_reported=18. No additional absorbed-PSU-FE degrees-of-freedom penalty is applied, because the fixed-effect grouping and the clustering grouping are the same PSU variable (adjudicated convention; cross-validated against linearmodels.PanelOLS(auto_df=True) - see docs/provenance/cluster_fe_inference_adjudication.md). See the FULL_DUMMY_DF_SENSITIVITY row-set below for a labelled sensitivity check only."
model_B_household_cluster_fe,natural_sample_PRIMARY_SAME_CLUSTER_CRV1,whz,natural_sample,literacy_Blind/visually impaired,0.016677641991307952,0.2208429556258602,-0.41616659727475536,0.44952188125737125,0.9398024912328566,36145,4426,0,model_specific_equal_total_country_weight,cluster_robust_country_psu_demeaned,"PRIMARY: statsmodels native cluster-robust SE on demeaned data, use_correction=True (confirmed default; see res.cov_kwds in run log). k_reported=18. No additional absorbed-PSU-FE degrees-of-freedom penalty is applied, because the fixed-effect grouping and the clustering grouping are the same PSU variable (adjudicated convention; cross-validated against linearmodels.PanelOLS(auto_df=True) - see docs/provenance/cluster_fe_inference_adjudication.md). See the FULL_DUMMY_DF_SENSITIVITY row-set below for a labelled sensitivity check only."
model_B_household_cluster_fe,natural_sample_PRIMARY_SAME_CLUSTER_CRV1,whz,natural_sample,literacy_No card with required language,0.6097476718538436,0.34711208375721886,-0.07057951090895609,1.2900748546166434,0.07898081144523555,36145,4426,0,model_specific_equal_total_country_weight,cluster_robust_country_psu_demeaned,"PRIMARY: statsmodels native cluster-robust SE on demeaned data, use_correction=True (confirmed default; see res.cov_kwds in run log). k_reported=18. No additional absorbed-PSU-FE degrees-of-freedom penalty is applied, because the fixed-effect grouping and the clustering grouping are the same PSU variable (adjudicated convention; cross-validated against linearmodels.PanelOLS(auto_df=True) - see docs/provenance/cluster_fe_inference_adjudication.md). See the FULL_DUMMY_DF_SENSITIVITY row-set below for a labelled sensitivity check only."
model_B_household_cluster_fe,natural_sample_PRIMARY_SAME_CLUSTER_CRV1,whz,natural_sample,wealth_quintile_Middle,0.09470233848286985,0.04377448088427813,0.008905932507747669,0.18049874445799202,0.030509327702978373,36145,4426,0,model_specific_equal_total_country_weight,cluster_robust_country_psu_demeaned,"PRIMARY: statsmodels native cluster-robust SE on demeaned data, use_correction=True (confirmed default; see res.cov_kwds in run log). k_reported=18. No additional absorbed-PSU-FE degrees-of-freedom penalty is applied, because the fixed-effect grouping and the clustering grouping are the same PSU variable (adjudicated convention; cross-validated against linearmodels.PanelOLS(auto_df=True) - see docs/provenance/cluster_fe_inference_adjudication.md). See the FULL_DUMMY_DF_SENSITIVITY row-set below for a labelled sensitivity check only."
model_B_household_cluster_fe,natural_sample_PRIMARY_SAME_CLUSTER_CRV1,whz,natural_sample,wealth_quintile_Poorer,0.02681473056617344,0.03390492982397283,-0.039637710787171265,0.09326717191951814,0.42901402607317773,36145,4426,0,model_specific_equal_total_country_weight,cluster_robust_country_psu_demeaned,"PRIMARY: statsmodels native cluster-robust SE on demeaned data, use_correction=True (confirmed default; see res.cov_kwds in run log). k_reported=18. No additional absorbed-PSU-FE degrees-of-freedom penalty is applied, because the fixed-effect grouping and the clustering grouping are the same PSU variable (adjudicated convention; cross-validated against linearmodels.PanelOLS(auto_df=True) - see docs/provenance/cluster_fe_inference_adjudication.md). See the FULL_DUMMY_DF_SENSITIVITY row-set below for a labelled sensitivity check only."
model_B_household_cluster_fe,natural_sample_PRIMARY_SAME_CLUSTER_CRV1,whz,natural_sample,wealth_quintile_Richer,0.06371763249858453,0.05494397267404816,-0.043970575110102744,0.1714058401072718,0.2461775869336439,36145,4426,0,model_specific_equal_total_country_weight,cluster_robust_country_psu_demeaned,"PRIMARY: statsmodels native cluster-robust SE on demeaned data, use_correction=True (confirmed default; see res.cov_kwds in run log). k_reported=18. No additional absorbed-PSU-FE degrees-of-freedom penalty is applied, because the fixed-effect grouping and the clustering grouping are the same PSU variable (adjudicated convention; cross-validated against linearmodels.PanelOLS(auto_df=True) - see docs/provenance/cluster_fe_inference_adjudication.md). See the FULL_DUMMY_DF_SENSITIVITY row-set below for a labelled sensitivity check only."
model_B_household_cluster_fe,natural_sample_PRIMARY_SAME_CLUSTER_CRV1,whz,natural_sample,wealth_quintile_Richest,0.12393605245585024,0.07165709193847879,-0.016509266980443638,0.2643813718921441,0.08370689044565215,36145,4426,0,model_specific_equal_total_country_weight,cluster_robust_country_psu_demeaned,"PRIMARY: statsmodels native cluster-robust SE on demeaned data, use_correction=True (confirmed default; see res.cov_kwds in run log). k_reported=18. No additional absorbed-PSU-FE degrees-of-freedom penalty is applied, because the fixed-effect grouping and the clustering grouping are the same PSU variable (adjudicated convention; cross-validated against linearmodels.PanelOLS(auto_df=True) - see docs/provenance/cluster_fe_inference_adjudication.md). See the FULL_DUMMY_DF_SENSITIVITY row-set below for a labelled sensitivity check only."
model_B_household_cluster_fe,natural_sample_FULL_DUMMY_DF_SENSITIVITY,whz,natural_sample,_water_hh_binary,0.011602106946916692,0.040248064827474325,-0.06728265056236629,0.09048686445619966,0.7731439242505322,36145,4426,0,model_specific_equal_total_country_weight,cluster_robust_country_psu_demeaned,"SENSITIVITY ONLY, NOT THE PRIMARY CONVENTION: scale=1.0675 applied as if every one of the 4426 absorbed PSU dummies were an explicitly estimated parameter (k_full_dummy=4444 vs k_reported=18); p/CI recomputed from a normal reference distribution. Retained only for transparency - see docs/provenance/cluster_fe_inference_adjudication.md for why this is not used as the primary inference convention when FE and clustering share the same grouping."
model_B_household_cluster_fe,natural_sample_FULL_DUMMY_DF_SENSITIVITY,whz,natural_sample,_sani_hh_binary,0.052575812548320985,0.03631762441575512,-0.018605423310611574,0.12375704840725354,0.14771030990884526,36145,4426,0,model_specific_equal_total_country_weight,cluster_robust_country_psu_demeaned,"SENSITIVITY ONLY, NOT THE PRIMARY CONVENTION: scale=1.0675 applied as if every one of the 4426 absorbed PSU dummies were an explicitly estimated parameter (k_full_dummy=4444 vs k_reported=18); p/CI recomputed from a normal reference distribution. Retained only for transparency - see docs/provenance/cluster_fe_inference_adjudication.md for why this is not used as the primary inference convention when FE and clustering share the same grouping."
model_B_household_cluster_fe,natural_sample_FULL_DUMMY_DF_SENSITIVITY,whz,natural_sample,b19_raw,-0.0039236881028759454,0.0007307950548862585,-0.005356020090532984,-0.0024913561152189066,7.914472077708012e-08,36145,4426,0,model_specific_equal_total_country_weight,cluster_robust_country_psu_demeaned,"SENSITIVITY ONLY, NOT THE PRIMARY CONVENTION: scale=1.0675 applied as if every one of the 4426 absorbed PSU dummies were an explicitly estimated parameter (k_full_dummy=4444 vs k_reported=18); p/CI recomputed from a normal reference distribution. Retained only for transparency - see docs/provenance/cluster_fe_inference_adjudication.md for why this is not used as the primary inference convention when FE and clustering share the same grouping."
model_B_household_cluster_fe,natural_sample_FULL_DUMMY_DF_SENSITIVITY,whz,natural_sample,birth_order_raw,-0.0016840586611791544,0.00945792619947724,-0.020221253380592337,0.016853136058234026,0.8586774892957454,36145,4426,0,model_specific_equal_total_country_weight,cluster_robust_country_psu_demeaned,"SENSITIVITY ONLY, NOT THE PRIMARY CONVENTION: scale=1.0675 applied as if every one of the 4426 absorbed PSU dummies were an explicitly estimated parameter (k_full_dummy=4444 vs k_reported=18); p/CI recomputed from a normal reference distribution. Retained only for transparency - see docs/provenance/cluster_fe_inference_adjudication.md for why this is not used as the primary inference convention when FE and clustering share the same grouping."
model_B_household_cluster_fe,natural_sample_FULL_DUMMY_DF_SENSITIVITY,whz,natural_sample,maternal_age,-2.9332641308959154e-05,0.003144560839541916,-0.00619255863400615,0.0061338933513882315,0.9925573956369589,36145,4426,0,model_specific_equal_total_country_weight,cluster_robust_country_psu_demeaned,"SENSITIVITY ONLY, NOT THE PRIMARY CONVENTION: scale=1.0675 applied as if every one of the 4426 absorbed PSU dummies were an explicitly estimated parameter (k_full_dummy=4444 vs k_reported=18); p/CI recomputed from a normal reference distribution. Retained only for transparency - see docs/provenance/cluster_fe_inference_adjudication.md for why this is not used as the primary inference convention when FE and clustering share the same grouping."
model_B_household_cluster_fe,natural_sample_FULL_DUMMY_DF_SENSITIVITY,whz,natural_sample,household_size_raw,-0.006049614738627005,0.005393055648601638,-0.016619809576506515,0.004520580099252505,0.26197233389572316,36145,4426,0,model_specific_equal_total_country_weight,cluster_robust_country_psu_demeaned,"SENSITIVITY ONLY, NOT THE PRIMARY CONVENTION: scale=1.0675 applied as if every one of the 4426 absorbed PSU dummies were an explicitly estimated parameter (k_full_dummy=4444 vs k_reported=18); p/CI recomputed from a normal reference distribution. Retained only for transparency - see docs/provenance/cluster_fe_inference_adjudication.md for why this is not used as the primary inference convention when FE and clustering share the same grouping."
model_B_household_cluster_fe,natural_sample_FULL_DUMMY_DF_SENSITIVITY,whz,natural_sample,child_sex_Female,0.03274951743710084,0.022154684968708094,-0.010672867190397915,0.07617190206459959,0.13934867260949169,36145,4426,0,model_specific_equal_total_country_weight,cluster_robust_country_psu_demeaned,"SENSITIVITY ONLY, NOT THE PRIMARY CONVENTION: scale=1.0675 applied as if every one of the 4426 absorbed PSU dummies were an explicitly estimated parameter (k_full_dummy=4444 vs k_reported=18); p/CI recomputed from a normal reference distribution. Retained only for transparency - see docs/provenance/cluster_fe_inference_adjudication.md for why this is not used as the primary inference convention when FE and clustering share the same grouping."
model_B_household_cluster_fe,natural_sample_FULL_DUMMY_DF_SENSITIVITY,whz,natural_sample,maternal_education_Higher,0.049341838996052496,0.07265676304196511,-0.09306279979946,0.19174647779156498,0.4970689982529679,36145,4426,0,model_specific_equal_total_country_weight,cluster_robust_country_psu_demeaned,"SENSITIVITY ONLY, NOT THE PRIMARY CONVENTION: scale=1.0675 applied as if every one of the 4426 absorbed PSU dummies were an explicitly estimated parameter (k_full_dummy=4444 vs k_reported=18); p/CI recomputed from a normal reference distribution. Retained only for transparency - see docs/provenance/cluster_fe_inference_adjudication.md for why this is not used as the primary inference convention when FE and clustering share the same grouping."
model_B_household_cluster_fe,natural_sample_FULL_DUMMY_DF_SENSITIVITY,whz,natural_sample,maternal_education_Primary,0.0060317850048174845,0.05338718137458775,-0.09860516772548208,0.11066873773511704,0.9100449077408599,36145,4426,0,model_specific_equal_total_country_weight,cluster_robust_country_psu_demeaned,"SENSITIVITY ONLY, NOT THE PRIMARY CONVENTION: scale=1.0675 applied as if every one of the 4426 absorbed PSU dummies were an explicitly estimated parameter (k_full_dummy=4444 vs k_reported=18); p/CI recomputed from a normal reference distribution. Retained only for transparency - see docs/provenance/cluster_fe_inference_adjudication.md for why this is not used as the primary inference convention when FE and clustering share the same grouping."
model_B_household_cluster_fe,natural_sample_FULL_DUMMY_DF_SENSITIVITY,whz,natural_sample,maternal_education_Secondary,-0.0013969153966337002,0.06189953449472237,-0.12271777366608429,0.1199239428728169,0.981995298723819,36145,4426,0,model_specific_equal_total_country_weight,cluster_robust_country_psu_demeaned,"SENSITIVITY ONLY, NOT THE PRIMARY CONVENTION: scale=1.0675 applied as if every one of the 4426 absorbed PSU dummies were an explicitly estimated parameter (k_full_dummy=4444 vs k_reported=18); p/CI recomputed from a normal reference distribution. Retained only for transparency - see docs/provenance/cluster_fe_inference_adjudication.md for why this is not used as the primary inference convention when FE and clustering share the same grouping."
model_B_household_cluster_fe,natural_sample_FULL_DUMMY_DF_SENSITIVITY,whz,natural_sample,literacy_Able to read only parts of sentence,0.02624147679708226,0.05664747323434373,-0.08478553055742814,0.13726848415159265,0.6431910660586817,36145,4426,0,model_specific_equal_total_country_weight,cluster_robust_country_psu_demeaned,"SENSITIVITY ONLY, NOT THE PRIMARY CONVENTION: scale=1.0675 applied as if every one of the 4426 absorbed PSU dummies were an explicitly estimated parameter (k_full_dummy=4444 vs k_reported=18); p/CI recomputed from a normal reference distribution. Retained only for transparency - see docs/provenance/cluster_fe_inference_adjudication.md for why this is not used as the primary inference convention when FE and clustering share the same grouping."
model_B_household_cluster_fe,natural_sample_FULL_DUMMY_DF_SENSITIVITY,whz,natural_sample,literacy_Able to read whole sentence,0.043964842167869486,0.0591695429458001,-0.07200533098759472,0.1599350153233337,0.45746252857873637,36145,4426,0,model_specific_equal_total_country_weight,cluster_robust_country_psu_demeaned,"SENSITIVITY ONLY, NOT THE PRIMARY CONVENTION: scale=1.0675 applied as if every one of the 4426 absorbed PSU dummies were an explicitly estimated parameter (k_full_dummy=4444 vs k_reported=18); p/CI recomputed from a normal reference distribution. Retained only for transparency - see docs/provenance/cluster_fe_inference_adjudication.md for why this is not used as the primary inference convention when FE and clustering share the same grouping."
model_B_household_cluster_fe,natural_sample_FULL_DUMMY_DF_SENSITIVITY,whz,natural_sample,literacy_Blind/visually impaired,0.016677641991307952,0.23575614382461113,-0.44539590903897497,0.47875119302159086,0.9436038331647649,36145,4426,0,model_specific_equal_total_country_weight,cluster_robust_country_psu_demeaned,"SENSITIVITY ONLY, NOT THE PRIMARY CONVENTION: scale=1.0675 applied as if every one of the 4426 absorbed PSU dummies were an explicitly estimated parameter (k_full_dummy=4444 vs k_reported=18); p/CI recomputed from a normal reference distribution. Retained only for transparency - see docs/provenance/cluster_fe_inference_adjudication.md for why this is not used as the primary inference convention when FE and clustering share the same grouping."
model_B_household_cluster_fe,natural_sample_FULL_DUMMY_DF_SENSITIVITY,whz,natural_sample,literacy_No card with required language,0.6097476718538436,0.37055203372737694,-0.11652096864988659,1.336016312357574,0.09986435139784455,36145,4426,0,model_specific_equal_total_country_weight,cluster_robust_country_psu_demeaned,"SENSITIVITY ONLY, NOT THE PRIMARY CONVENTION: scale=1.0675 applied as if every one of the 4426 absorbed PSU dummies were an explicitly estimated parameter (k_full_dummy=4444 vs k_reported=18); p/CI recomputed from a normal reference distribution. Retained only for transparency - see docs/provenance/cluster_fe_inference_adjudication.md for why this is not used as the primary inference convention when FE and clustering share the same grouping."
model_B_household_cluster_fe,natural_sample_FULL_DUMMY_DF_SENSITIVITY,whz,natural_sample,wealth_quintile_Middle,0.09470233848286985,0.04673050486013829,0.003112231977624849,0.18629244498811487,0.04270706596250884,36145,4426,0,model_specific_equal_total_country_weight,cluster_robust_country_psu_demeaned,"SENSITIVITY ONLY, NOT THE PRIMARY CONVENTION: scale=1.0675 applied as if every one of the 4426 absorbed PSU dummies were an explicitly estimated parameter (k_full_dummy=4444 vs k_reported=18); p/CI recomputed from a normal reference distribution. Retained only for transparency - see docs/provenance/cluster_fe_inference_adjudication.md for why this is not used as the primary inference convention when FE and clustering share the same grouping."
model_B_household_cluster_fe,natural_sample_FULL_DUMMY_DF_SENSITIVITY,whz,natural_sample,wealth_quintile_Poorer,0.02681473056617344,0.03619447805926706,-0.04412514286921519,0.09775460400156206,0.45878353202719646,36145,4426,0,model_specific_equal_total_country_weight,cluster_robust_country_psu_demeaned,"SENSITIVITY ONLY, NOT THE PRIMARY CONVENTION: scale=1.0675 applied as if every one of the 4426 absorbed PSU dummies were an explicitly estimated parameter (k_full_dummy=4444 vs k_reported=18); p/CI recomputed from a normal reference distribution. Retained only for transparency - see docs/provenance/cluster_fe_inference_adjudication.md for why this is not used as the primary inference convention when FE and clustering share the same grouping."
model_B_household_cluster_fe,natural_sample_FULL_DUMMY_DF_SENSITIVITY,whz,natural_sample,wealth_quintile_Richer,0.06371763249858453,0.05865425540664875,-0.05124259563846076,0.17867786063562982,0.2773348645629734,36145,4426,0,model_specific_equal_total_country_weight,cluster_robust_country_psu_demeaned,"SENSITIVITY ONLY, NOT THE PRIMARY CONVENTION: scale=1.0675 applied as if every one of the 4426 absorbed PSU dummies were an explicitly estimated parameter (k_full_dummy=4444 vs k_reported=18); p/CI recomputed from a normal reference distribution. Retained only for transparency - see docs/provenance/cluster_fe_inference_adjudication.md for why this is not used as the primary inference convention when FE and clustering share the same grouping."
model_B_household_cluster_fe,natural_sample_FULL_DUMMY_DF_SENSITIVITY,whz,natural_sample,wealth_quintile_Richest,0.12393605245585024,0.07649598614194233,-0.02599332534423182,0.2738654302559323,0.1051970255449588,36145,4426,0,model_specific_equal_total_country_weight,cluster_robust_country_psu_demeaned,"SENSITIVITY ONLY, NOT THE PRIMARY CONVENTION: scale=1.0675 applied as if every one of the 4426 absorbed PSU dummies were an explicitly estimated parameter (k_full_dummy=4444 vs k_reported=18); p/CI recomputed from a normal reference distribution. Retained only for transparency - see docs/provenance/cluster_fe_inference_adjudication.md for why this is not used as the primary inference convention when FE and clustering share the same grouping."
estimator_validation,explicit_dummy_vs_weighted_demeaning,haz,validation_subset_ghana,_water_hh_binary,-0.0019935382561532215,,,,,4287,613,0,weight_original,cluster_robust_psu_explicit_dummy,coefficient_from='explicit_dummy_wls'; compare to demeaned coefficient below; abs_diff=2.59e-15
estimator_validation,explicit_dummy_vs_weighted_demeaning,haz,validation_subset_ghana,_water_hh_binary,-0.001993538256150629,,,,,4287,613,0,weight_original,cluster_robust_psu_weighted_demeaning,coefficient_from='weighted_demeaning'; compare to explicit-dummy coefficient above; abs_diff=2.59e-15
estimator_validation,explicit_dummy_vs_weighted_demeaning,haz,validation_subset_ghana,_sani_hh_binary,0.05923707290477014,,,,,4287,613,0,weight_original,cluster_robust_psu_explicit_dummy,coefficient_from='explicit_dummy_wls'; compare to demeaned coefficient below; abs_diff=5.57e-15
estimator_validation,explicit_dummy_vs_weighted_demeaning,haz,validation_subset_ghana,_sani_hh_binary,0.059237072904775714,,,,,4287,613,0,weight_original,cluster_robust_psu_weighted_demeaning,coefficient_from='weighted_demeaning'; compare to explicit-dummy coefficient above; abs_diff=5.57e-15
estimator_validation,explicit_dummy_vs_weighted_demeaning,haz,validation_subset_ghana,b19_raw,-0.007105070785658311,,,,,4287,613,0,weight_original,cluster_robust_psu_explicit_dummy,coefficient_from='explicit_dummy_wls'; compare to demeaned coefficient below; abs_diff=4.73e-16
estimator_validation,explicit_dummy_vs_weighted_demeaning,haz,validation_subset_ghana,b19_raw,-0.007105070785657838,,,,,4287,613,0,weight_original,cluster_robust_psu_weighted_demeaning,coefficient_from='weighted_demeaning'; compare to explicit-dummy coefficient above; abs_diff=4.73e-16
estimator_validation,explicit_dummy_vs_weighted_demeaning,haz,validation_subset_ghana,birth_order_raw,-0.03176129212488579,,,,,4287,613,0,weight_original,cluster_robust_psu_explicit_dummy,coefficient_from='explicit_dummy_wls'; compare to demeaned coefficient below; abs_diff=2.86e-15
estimator_validation,explicit_dummy_vs_weighted_demeaning,haz,validation_subset_ghana,birth_order_raw,-0.03176129212488865,,,,,4287,613,0,weight_original,cluster_robust_psu_weighted_demeaning,coefficient_from='weighted_demeaning'; compare to explicit-dummy coefficient above; abs_diff=2.86e-15
estimator_validation,explicit_dummy_vs_weighted_demeaning,haz,validation_subset_ghana,maternal_age,0.022630556963389354,,,,,4287,613,0,weight_original,cluster_robust_psu_explicit_dummy,coefficient_from='explicit_dummy_wls'; compare to demeaned coefficient below; abs_diff=3.85e-16
estimator_validation,explicit_dummy_vs_weighted_demeaning,haz,validation_subset_ghana,maternal_age,0.02263055696338974,,,,,4287,613,0,weight_original,cluster_robust_psu_weighted_demeaning,coefficient_from='weighted_demeaning'; compare to explicit-dummy coefficient above; abs_diff=3.85e-16
estimator_validation,explicit_dummy_vs_weighted_demeaning,haz,validation_subset_ghana,household_size_raw,0.011252882578607779,,,,,4287,613,0,weight_original,cluster_robust_psu_explicit_dummy,coefficient_from='explicit_dummy_wls'; compare to demeaned coefficient below; abs_diff=2.11e-15
estimator_validation,explicit_dummy_vs_weighted_demeaning,haz,validation_subset_ghana,household_size_raw,0.011252882578609893,,,,,4287,613,0,weight_original,cluster_robust_psu_weighted_demeaning,coefficient_from='weighted_demeaning'; compare to explicit-dummy coefficient above; abs_diff=2.11e-15
