robustness_family,model_label,outcome,country_scope,term,coefficient,standard_error,ci_lower,ci_upper,p_value,estimation_n,psu_count,fe_region_count,weight_method,clustering_method,fe_included,reference_category_metadata,preferred_model_n,baseline_n,n_excluded_by_household_wash_states
household_wash_baseline,section_9_1_transparent_baseline_no_fe,haz,pooled,const,-2.0826822888824448,0.08877352326622652,-2.2566751972649772,-1.9086893804999123,1.0298605293516664e-121,36040,4426,0,model_specific_equal_total_country_weight,cluster_robust_country_psu,False,"{'child_sex': {'reference': 'Male', 'reference_column': 'child_sex_Male'}, 'maternal_education': {'reference': 'No education', 'reference_column': 'maternal_education_No education'}, 'literacy': {'reference': 'Cannot read at all', 'reference_column': 'literacy_Cannot read at all'}, 'wealth_quintile': {'reference': 'Poorest', 'reference_column': 'wealth_quintile_Poorest'}, 'residence': {'reference': 'Rural', 'reference_column': 'residence_Rural'}}",36985,36040,945
household_wash_baseline,section_9_1_transparent_baseline_no_fe,haz,pooled,_water_hh_binary,0.01980367949487725,0.03841891410382024,-0.055496008473748346,0.09510336746350286,0.6062267767090406,36040,4426,0,model_specific_equal_total_country_weight,cluster_robust_country_psu,False,"{'child_sex': {'reference': 'Male', 'reference_column': 'child_sex_Male'}, 'maternal_education': {'reference': 'No education', 'reference_column': 'maternal_education_No education'}, 'literacy': {'reference': 'Cannot read at all', 'reference_column': 'literacy_Cannot read at all'}, 'wealth_quintile': {'reference': 'Poorest', 'reference_column': 'wealth_quintile_Poorest'}, 'residence': {'reference': 'Rural', 'reference_column': 'residence_Rural'}}",36985,36040,945
household_wash_baseline,section_9_1_transparent_baseline_no_fe,haz,pooled,_sanitation_hh_binary,0.021369665978252114,0.03836914748220983,-0.053832481204384844,0.09657181316088907,0.5775621383350615,36040,4426,0,model_specific_equal_total_country_weight,cluster_robust_country_psu,False,"{'child_sex': {'reference': 'Male', 'reference_column': 'child_sex_Male'}, 'maternal_education': {'reference': 'No education', 'reference_column': 'maternal_education_No education'}, 'literacy': {'reference': 'Cannot read at all', 'reference_column': 'literacy_Cannot read at all'}, 'wealth_quintile': {'reference': 'Poorest', 'reference_column': 'wealth_quintile_Poorest'}, 'residence': {'reference': 'Rural', 'reference_column': 'residence_Rural'}}",36985,36040,945
household_wash_baseline,section_9_1_transparent_baseline_no_fe,haz,pooled,b19_raw,-0.013923973445289665,0.000773989319795949,-0.01544096463650838,-0.01240698225407095,2.3387211462955233e-72,36040,4426,0,model_specific_equal_total_country_weight,cluster_robust_country_psu,False,"{'child_sex': {'reference': 'Male', 'reference_column': 'child_sex_Male'}, 'maternal_education': {'reference': 'No education', 'reference_column': 'maternal_education_No education'}, 'literacy': {'reference': 'Cannot read at all', 'reference_column': 'literacy_Cannot read at all'}, 'wealth_quintile': {'reference': 'Poorest', 'reference_column': 'wealth_quintile_Poorest'}, 'residence': {'reference': 'Rural', 'reference_column': 'residence_Rural'}}",36985,36040,945
household_wash_baseline,section_9_1_transparent_baseline_no_fe,haz,pooled,birth_order_raw,-0.06511787366167676,0.009857271934621855,-0.08443777163935307,-0.045797975684000465,3.9464410502257093e-11,36040,4426,0,model_specific_equal_total_country_weight,cluster_robust_country_psu,False,"{'child_sex': {'reference': 'Male', 'reference_column': 'child_sex_Male'}, 'maternal_education': {'reference': 'No education', 'reference_column': 'maternal_education_No education'}, 'literacy': {'reference': 'Cannot read at all', 'reference_column': 'literacy_Cannot read at all'}, 'wealth_quintile': {'reference': 'Poorest', 'reference_column': 'wealth_quintile_Poorest'}, 'residence': {'reference': 'Rural', 'reference_column': 'residence_Rural'}}",36985,36040,945
household_wash_baseline,section_9_1_transparent_baseline_no_fe,haz,pooled,maternal_age,0.03456759129406921,0.003107552563302027,0.028476900189932108,0.040658282398206305,9.616018085940431e-29,36040,4426,0,model_specific_equal_total_country_weight,cluster_robust_country_psu,False,"{'child_sex': {'reference': 'Male', 'reference_column': 'child_sex_Male'}, 'maternal_education': {'reference': 'No education', 'reference_column': 'maternal_education_No education'}, 'literacy': {'reference': 'Cannot read at all', 'reference_column': 'literacy_Cannot read at all'}, 'wealth_quintile': {'reference': 'Poorest', 'reference_column': 'wealth_quintile_Poorest'}, 'residence': {'reference': 'Rural', 'reference_column': 'residence_Rural'}}",36985,36040,945
household_wash_baseline,section_9_1_transparent_baseline_no_fe,haz,pooled,household_size_raw,-0.01762265657616193,0.00583085964431451,-0.029050931477926402,-0.006194381674397462,0.002508547617314518,36040,4426,0,model_specific_equal_total_country_weight,cluster_robust_country_psu,False,"{'child_sex': {'reference': 'Male', 'reference_column': 'child_sex_Male'}, 'maternal_education': {'reference': 'No education', 'reference_column': 'maternal_education_No education'}, 'literacy': {'reference': 'Cannot read at all', 'reference_column': 'literacy_Cannot read at all'}, 'wealth_quintile': {'reference': 'Poorest', 'reference_column': 'wealth_quintile_Poorest'}, 'residence': {'reference': 'Rural', 'reference_column': 'residence_Rural'}}",36985,36040,945
household_wash_baseline,section_9_1_transparent_baseline_no_fe,haz,pooled,child_sex_Female,0.15450628460112956,0.02266640309986014,0.11008095086633665,0.19893161833592246,9.32638149843157e-12,36040,4426,0,model_specific_equal_total_country_weight,cluster_robust_country_psu,False,"{'child_sex': {'reference': 'Male', 'reference_column': 'child_sex_Male'}, 'maternal_education': {'reference': 'No education', 'reference_column': 'maternal_education_No education'}, 'literacy': {'reference': 'Cannot read at all', 'reference_column': 'literacy_Cannot read at all'}, 'wealth_quintile': {'reference': 'Poorest', 'reference_column': 'wealth_quintile_Poorest'}, 'residence': {'reference': 'Rural', 'reference_column': 'residence_Rural'}}",36985,36040,945
household_wash_baseline,section_9_1_transparent_baseline_no_fe,haz,pooled,maternal_education_Higher,0.5161822381940157,0.06684488340721002,0.3851686741651049,0.6471958022229264,1.1443710428139554e-14,36040,4426,0,model_specific_equal_total_country_weight,cluster_robust_country_psu,False,"{'child_sex': {'reference': 'Male', 'reference_column': 'child_sex_Male'}, 'maternal_education': {'reference': 'No education', 'reference_column': 'maternal_education_No education'}, 'literacy': {'reference': 'Cannot read at all', 'reference_column': 'literacy_Cannot read at all'}, 'wealth_quintile': {'reference': 'Poorest', 'reference_column': 'wealth_quintile_Poorest'}, 'residence': {'reference': 'Rural', 'reference_column': 'residence_Rural'}}",36985,36040,945
household_wash_baseline,section_9_1_transparent_baseline_no_fe,haz,pooled,maternal_education_Primary,0.19784041099638172,0.047394294369794955,0.10494930095889415,0.2907315210338693,2.988369757508768e-05,36040,4426,0,model_specific_equal_total_country_weight,cluster_robust_country_psu,False,"{'child_sex': {'reference': 'Male', 'reference_column': 'child_sex_Male'}, 'maternal_education': {'reference': 'No education', 'reference_column': 'maternal_education_No education'}, 'literacy': {'reference': 'Cannot read at all', 'reference_column': 'literacy_Cannot read at all'}, 'wealth_quintile': {'reference': 'Poorest', 'reference_column': 'wealth_quintile_Poorest'}, 'residence': {'reference': 'Rural', 'reference_column': 'residence_Rural'}}",36985,36040,945
household_wash_baseline,section_9_1_transparent_baseline_no_fe,haz,pooled,maternal_education_Secondary,0.3718116397461724,0.05154273439389692,0.27078973666942047,0.4728335428229243,5.446860009621894e-13,36040,4426,0,model_specific_equal_total_country_weight,cluster_robust_country_psu,False,"{'child_sex': {'reference': 'Male', 'reference_column': 'child_sex_Male'}, 'maternal_education': {'reference': 'No education', 'reference_column': 'maternal_education_No education'}, 'literacy': {'reference': 'Cannot read at all', 'reference_column': 'literacy_Cannot read at all'}, 'wealth_quintile': {'reference': 'Poorest', 'reference_column': 'wealth_quintile_Poorest'}, 'residence': {'reference': 'Rural', 'reference_column': 'residence_Rural'}}",36985,36040,945
household_wash_baseline,section_9_1_transparent_baseline_no_fe,haz,pooled,literacy_Able to read only parts of sentence,0.07564096447182458,0.04897206307253083,-0.020342515398959787,0.17162444434260896,0.12244939291531204,36040,4426,0,model_specific_equal_total_country_weight,cluster_robust_country_psu,False,"{'child_sex': {'reference': 'Male', 'reference_column': 'child_sex_Male'}, 'maternal_education': {'reference': 'No education', 'reference_column': 'maternal_education_No education'}, 'literacy': {'reference': 'Cannot read at all', 'reference_column': 'literacy_Cannot read at all'}, 'wealth_quintile': {'reference': 'Poorest', 'reference_column': 'wealth_quintile_Poorest'}, 'residence': {'reference': 'Rural', 'reference_column': 'residence_Rural'}}",36985,36040,945
household_wash_baseline,section_9_1_transparent_baseline_no_fe,haz,pooled,literacy_Able to read whole sentence,0.15802959210625517,0.04155046390968962,0.0765921793023322,0.23946700491017814,0.00014277138221835677,36040,4426,0,model_specific_equal_total_country_weight,cluster_robust_country_psu,False,"{'child_sex': {'reference': 'Male', 'reference_column': 'child_sex_Male'}, 'maternal_education': {'reference': 'No education', 'reference_column': 'maternal_education_No education'}, 'literacy': {'reference': 'Cannot read at all', 'reference_column': 'literacy_Cannot read at all'}, 'wealth_quintile': {'reference': 'Poorest', 'reference_column': 'wealth_quintile_Poorest'}, 'residence': {'reference': 'Rural', 'reference_column': 'residence_Rural'}}",36985,36040,945
household_wash_baseline,section_9_1_transparent_baseline_no_fe,haz,pooled,literacy_Blind/visually impaired,0.9939697928958492,0.5420631922178302,-0.06845454119591043,2.056394126987609,0.06670168488275698,36040,4426,0,model_specific_equal_total_country_weight,cluster_robust_country_psu,False,"{'child_sex': {'reference': 'Male', 'reference_column': 'child_sex_Male'}, 'maternal_education': {'reference': 'No education', 'reference_column': 'maternal_education_No education'}, 'literacy': {'reference': 'Cannot read at all', 'reference_column': 'literacy_Cannot read at all'}, 'wealth_quintile': {'reference': 'Poorest', 'reference_column': 'wealth_quintile_Poorest'}, 'residence': {'reference': 'Rural', 'reference_column': 'residence_Rural'}}",36985,36040,945
household_wash_baseline,section_9_1_transparent_baseline_no_fe,haz,pooled,literacy_No card with required language,0.30672053369290514,0.28855346893823114,-0.2588338730401251,0.8722749404259353,0.28780050266383195,36040,4426,0,model_specific_equal_total_country_weight,cluster_robust_country_psu,False,"{'child_sex': {'reference': 'Male', 'reference_column': 'child_sex_Male'}, 'maternal_education': {'reference': 'No education', 'reference_column': 'maternal_education_No education'}, 'literacy': {'reference': 'Cannot read at all', 'reference_column': 'literacy_Cannot read at all'}, 'wealth_quintile': {'reference': 'Poorest', 'reference_column': 'wealth_quintile_Poorest'}, 'residence': {'reference': 'Rural', 'reference_column': 'residence_Rural'}}",36985,36040,945
household_wash_baseline,section_9_1_transparent_baseline_no_fe,haz,pooled,wealth_quintile_Middle,0.015516027948760794,0.05058802127150096,-0.08363467179252723,0.11466672769004882,0.7590614699964576,36040,4426,0,model_specific_equal_total_country_weight,cluster_robust_country_psu,False,"{'child_sex': {'reference': 'Male', 'reference_column': 'child_sex_Male'}, 'maternal_education': {'reference': 'No education', 'reference_column': 'maternal_education_No education'}, 'literacy': {'reference': 'Cannot read at all', 'reference_column': 'literacy_Cannot read at all'}, 'wealth_quintile': {'reference': 'Poorest', 'reference_column': 'wealth_quintile_Poorest'}, 'residence': {'reference': 'Rural', 'reference_column': 'residence_Rural'}}",36985,36040,945
household_wash_baseline,section_9_1_transparent_baseline_no_fe,haz,pooled,wealth_quintile_Poorer,-0.046241585127011535,0.04037778824454247,-0.12538059586169956,0.03289742560767648,0.2521166562782917,36040,4426,0,model_specific_equal_total_country_weight,cluster_robust_country_psu,False,"{'child_sex': {'reference': 'Male', 'reference_column': 'child_sex_Male'}, 'maternal_education': {'reference': 'No education', 'reference_column': 'maternal_education_No education'}, 'literacy': {'reference': 'Cannot read at all', 'reference_column': 'literacy_Cannot read at all'}, 'wealth_quintile': {'reference': 'Poorest', 'reference_column': 'wealth_quintile_Poorest'}, 'residence': {'reference': 'Rural', 'reference_column': 'residence_Rural'}}",36985,36040,945
household_wash_baseline,section_9_1_transparent_baseline_no_fe,haz,pooled,wealth_quintile_Richer,0.08530679362502283,0.05892480703793212,-0.030183705965296417,0.20079729321534207,0.14769455760669098,36040,4426,0,model_specific_equal_total_country_weight,cluster_robust_country_psu,False,"{'child_sex': {'reference': 'Male', 'reference_column': 'child_sex_Male'}, 'maternal_education': {'reference': 'No education', 'reference_column': 'maternal_education_No education'}, 'literacy': {'reference': 'Cannot read at all', 'reference_column': 'literacy_Cannot read at all'}, 'wealth_quintile': {'reference': 'Poorest', 'reference_column': 'wealth_quintile_Poorest'}, 'residence': {'reference': 'Rural', 'reference_column': 'residence_Rural'}}",36985,36040,945
household_wash_baseline,section_9_1_transparent_baseline_no_fe,haz,pooled,wealth_quintile_Richest,0.33369066264143316,0.07244744165633905,0.19169628622294177,0.47568503905992454,4.105497639198632e-06,36040,4426,0,model_specific_equal_total_country_weight,cluster_robust_country_psu,False,"{'child_sex': {'reference': 'Male', 'reference_column': 'child_sex_Male'}, 'maternal_education': {'reference': 'No education', 'reference_column': 'maternal_education_No education'}, 'literacy': {'reference': 'Cannot read at all', 'reference_column': 'literacy_Cannot read at all'}, 'wealth_quintile': {'reference': 'Poorest', 'reference_column': 'wealth_quintile_Poorest'}, 'residence': {'reference': 'Rural', 'reference_column': 'residence_Rural'}}",36985,36040,945
household_wash_baseline,section_9_1_transparent_baseline_no_fe,haz,pooled,residence_Urban,0.05256474052605296,0.03740097979906596,-0.02073983286662643,0.12586931391873235,0.15989121443992915,36040,4426,0,model_specific_equal_total_country_weight,cluster_robust_country_psu,False,"{'child_sex': {'reference': 'Male', 'reference_column': 'child_sex_Male'}, 'maternal_education': {'reference': 'No education', 'reference_column': 'maternal_education_No education'}, 'literacy': {'reference': 'Cannot read at all', 'reference_column': 'literacy_Cannot read at all'}, 'wealth_quintile': {'reference': 'Poorest', 'reference_column': 'wealth_quintile_Poorest'}, 'residence': {'reference': 'Rural', 'reference_column': 'residence_Rural'}}",36985,36040,945
household_wash_baseline,section_9_1_transparent_baseline_no_fe,waz,pooled,const,-1.421083018368875,0.07989765026363443,-1.5776795353349755,-1.2644865014027744,9.025701219687042e-71,36308,4426,0,model_specific_equal_total_country_weight,cluster_robust_country_psu,False,"{'child_sex': {'reference': 'Male', 'reference_column': 'child_sex_Male'}, 'maternal_education': {'reference': 'No education', 'reference_column': 'maternal_education_No education'}, 'literacy': {'reference': 'Cannot read at all', 'reference_column': 'literacy_Cannot read at all'}, 'wealth_quintile': {'reference': 'Poorest', 'reference_column': 'wealth_quintile_Poorest'}, 'residence': {'reference': 'Rural', 'reference_column': 'residence_Rural'}}",37260,36308,952
household_wash_baseline,section_9_1_transparent_baseline_no_fe,waz,pooled,_water_hh_binary,0.017763916565104093,0.031182849184953898,-0.04335334477274973,0.07888117790295791,0.5689019138485364,36308,4426,0,model_specific_equal_total_country_weight,cluster_robust_country_psu,False,"{'child_sex': {'reference': 'Male', 'reference_column': 'child_sex_Male'}, 'maternal_education': {'reference': 'No education', 'reference_column': 'maternal_education_No education'}, 'literacy': {'reference': 'Cannot read at all', 'reference_column': 'literacy_Cannot read at all'}, 'wealth_quintile': {'reference': 'Poorest', 'reference_column': 'wealth_quintile_Poorest'}, 'residence': {'reference': 'Rural', 'reference_column': 'residence_Rural'}}",37260,36308,952
household_wash_baseline,section_9_1_transparent_baseline_no_fe,waz,pooled,_sanitation_hh_binary,0.024584352614873316,0.02808016925201884,-0.03045176779887264,0.07962047302861927,0.3812987253685298,36308,4426,0,model_specific_equal_total_country_weight,cluster_robust_country_psu,False,"{'child_sex': {'reference': 'Male', 'reference_column': 'child_sex_Male'}, 'maternal_education': {'reference': 'No education', 'reference_column': 'maternal_education_No education'}, 'literacy': {'reference': 'Cannot read at all', 'reference_column': 'literacy_Cannot read at all'}, 'wealth_quintile': {'reference': 'Poorest', 'reference_column': 'wealth_quintile_Poorest'}, 'residence': {'reference': 'Rural', 'reference_column': 'residence_Rural'}}",37260,36308,952
household_wash_baseline,section_9_1_transparent_baseline_no_fe,waz,pooled,b19_raw,-0.010623821574167488,0.0006099388599602061,-0.011819279772460911,-0.009428363375874065,6.040808767726763e-68,36308,4426,0,model_specific_equal_total_country_weight,cluster_robust_country_psu,False,"{'child_sex': {'reference': 'Male', 'reference_column': 'child_sex_Male'}, 'maternal_education': {'reference': 'No education', 'reference_column': 'maternal_education_No education'}, 'literacy': {'reference': 'Cannot read at all', 'reference_column': 'literacy_Cannot read at all'}, 'wealth_quintile': {'reference': 'Poorest', 'reference_column': 'wealth_quintile_Poorest'}, 'residence': {'reference': 'Rural', 'reference_column': 'residence_Rural'}}",37260,36308,952
household_wash_baseline,section_9_1_transparent_baseline_no_fe,waz,pooled,birth_order_raw,-0.032327585137269584,0.008451590308655627,-0.04889239775432237,-0.015762772520216795,0.00013075624727452862,36308,4426,0,model_specific_equal_total_country_weight,cluster_robust_country_psu,False,"{'child_sex': {'reference': 'Male', 'reference_column': 'child_sex_Male'}, 'maternal_education': {'reference': 'No education', 'reference_column': 'maternal_education_No education'}, 'literacy': {'reference': 'Cannot read at all', 'reference_column': 'literacy_Cannot read at all'}, 'wealth_quintile': {'reference': 'Poorest', 'reference_column': 'wealth_quintile_Poorest'}, 'residence': {'reference': 'Rural', 'reference_column': 'residence_Rural'}}",37260,36308,952
household_wash_baseline,section_9_1_transparent_baseline_no_fe,waz,pooled,maternal_age,0.018547075003705688,0.002681819591524071,0.01329080519128459,0.023803344816126788,4.6505041222243744e-12,36308,4426,0,model_specific_equal_total_country_weight,cluster_robust_country_psu,False,"{'child_sex': {'reference': 'Male', 'reference_column': 'child_sex_Male'}, 'maternal_education': {'reference': 'No education', 'reference_column': 'maternal_education_No education'}, 'literacy': {'reference': 'Cannot read at all', 'reference_column': 'literacy_Cannot read at all'}, 'wealth_quintile': {'reference': 'Poorest', 'reference_column': 'wealth_quintile_Poorest'}, 'residence': {'reference': 'Rural', 'reference_column': 'residence_Rural'}}",37260,36308,952
household_wash_baseline,section_9_1_transparent_baseline_no_fe,waz,pooled,household_size_raw,-0.017123526210424893,0.0042281964256609995,-0.025410638924281442,-0.008836413496568345,5.125229035720412e-05,36308,4426,0,model_specific_equal_total_country_weight,cluster_robust_country_psu,False,"{'child_sex': {'reference': 'Male', 'reference_column': 'child_sex_Male'}, 'maternal_education': {'reference': 'No education', 'reference_column': 'maternal_education_No education'}, 'literacy': {'reference': 'Cannot read at all', 'reference_column': 'literacy_Cannot read at all'}, 'wealth_quintile': {'reference': 'Poorest', 'reference_column': 'wealth_quintile_Poorest'}, 'residence': {'reference': 'Rural', 'reference_column': 'residence_Rural'}}",37260,36308,952
household_wash_baseline,section_9_1_transparent_baseline_no_fe,waz,pooled,child_sex_Female,0.09524954194840989,0.019275739756190773,0.05746978625090909,0.13302929764591068,7.755530789051985e-07,36308,4426,0,model_specific_equal_total_country_weight,cluster_robust_country_psu,False,"{'child_sex': {'reference': 'Male', 'reference_column': 'child_sex_Male'}, 'maternal_education': {'reference': 'No education', 'reference_column': 'maternal_education_No education'}, 'literacy': {'reference': 'Cannot read at all', 'reference_column': 'literacy_Cannot read at all'}, 'wealth_quintile': {'reference': 'Poorest', 'reference_column': 'wealth_quintile_Poorest'}, 'residence': {'reference': 'Rural', 'reference_column': 'residence_Rural'}}",37260,36308,952
household_wash_baseline,section_9_1_transparent_baseline_no_fe,waz,pooled,maternal_education_Higher,0.3581056972780427,0.059029699074499814,0.24240961307378572,0.4738017814822997,1.306997808482644e-09,36308,4426,0,model_specific_equal_total_country_weight,cluster_robust_country_psu,False,"{'child_sex': {'reference': 'Male', 'reference_column': 'child_sex_Male'}, 'maternal_education': {'reference': 'No education', 'reference_column': 'maternal_education_No education'}, 'literacy': {'reference': 'Cannot read at all', 'reference_column': 'literacy_Cannot read at all'}, 'wealth_quintile': {'reference': 'Poorest', 'reference_column': 'wealth_quintile_Poorest'}, 'residence': {'reference': 'Rural', 'reference_column': 'residence_Rural'}}",37260,36308,952
household_wash_baseline,section_9_1_transparent_baseline_no_fe,waz,pooled,maternal_education_Primary,0.2089817980613909,0.039421635571713264,0.13171681212916983,0.2862467839936119,1.1504679312672091e-07,36308,4426,0,model_specific_equal_total_country_weight,cluster_robust_country_psu,False,"{'child_sex': {'reference': 'Male', 'reference_column': 'child_sex_Male'}, 'maternal_education': {'reference': 'No education', 'reference_column': 'maternal_education_No education'}, 'literacy': {'reference': 'Cannot read at all', 'reference_column': 'literacy_Cannot read at all'}, 'wealth_quintile': {'reference': 'Poorest', 'reference_column': 'wealth_quintile_Poorest'}, 'residence': {'reference': 'Rural', 'reference_column': 'residence_Rural'}}",37260,36308,952
household_wash_baseline,section_9_1_transparent_baseline_no_fe,waz,pooled,maternal_education_Secondary,0.20386019181783452,0.04486146994477474,0.11593332643254994,0.2917870572031191,5.514019698589523e-06,36308,4426,0,model_specific_equal_total_country_weight,cluster_robust_country_psu,False,"{'child_sex': {'reference': 'Male', 'reference_column': 'child_sex_Male'}, 'maternal_education': {'reference': 'No education', 'reference_column': 'maternal_education_No education'}, 'literacy': {'reference': 'Cannot read at all', 'reference_column': 'literacy_Cannot read at all'}, 'wealth_quintile': {'reference': 'Poorest', 'reference_column': 'wealth_quintile_Poorest'}, 'residence': {'reference': 'Rural', 'reference_column': 'residence_Rural'}}",37260,36308,952
household_wash_baseline,section_9_1_transparent_baseline_no_fe,waz,pooled,literacy_Able to read only parts of sentence,0.061540275557985635,0.042163220895305074,-0.021098118869018967,0.14417866998499024,0.14440761591106652,36308,4426,0,model_specific_equal_total_country_weight,cluster_robust_country_psu,False,"{'child_sex': {'reference': 'Male', 'reference_column': 'child_sex_Male'}, 'maternal_education': {'reference': 'No education', 'reference_column': 'maternal_education_No education'}, 'literacy': {'reference': 'Cannot read at all', 'reference_column': 'literacy_Cannot read at all'}, 'wealth_quintile': {'reference': 'Poorest', 'reference_column': 'wealth_quintile_Poorest'}, 'residence': {'reference': 'Rural', 'reference_column': 'residence_Rural'}}",37260,36308,952
household_wash_baseline,section_9_1_transparent_baseline_no_fe,waz,pooled,literacy_Able to read whole sentence,0.205947249207581,0.03728037828280309,0.13287905044325776,0.27901544797190425,3.3083944100410696e-08,36308,4426,0,model_specific_equal_total_country_weight,cluster_robust_country_psu,False,"{'child_sex': {'reference': 'Male', 'reference_column': 'child_sex_Male'}, 'maternal_education': {'reference': 'No education', 'reference_column': 'maternal_education_No education'}, 'literacy': {'reference': 'Cannot read at all', 'reference_column': 'literacy_Cannot read at all'}, 'wealth_quintile': {'reference': 'Poorest', 'reference_column': 'wealth_quintile_Poorest'}, 'residence': {'reference': 'Rural', 'reference_column': 'residence_Rural'}}",37260,36308,952
household_wash_baseline,section_9_1_transparent_baseline_no_fe,waz,pooled,literacy_Blind/visually impaired,0.6758848675451903,0.24393873243118694,0.19777373754571104,1.1539959975446696,0.0055933245641595795,36308,4426,0,model_specific_equal_total_country_weight,cluster_robust_country_psu,False,"{'child_sex': {'reference': 'Male', 'reference_column': 'child_sex_Male'}, 'maternal_education': {'reference': 'No education', 'reference_column': 'maternal_education_No education'}, 'literacy': {'reference': 'Cannot read at all', 'reference_column': 'literacy_Cannot read at all'}, 'wealth_quintile': {'reference': 'Poorest', 'reference_column': 'wealth_quintile_Poorest'}, 'residence': {'reference': 'Rural', 'reference_column': 'residence_Rural'}}",37260,36308,952
household_wash_baseline,section_9_1_transparent_baseline_no_fe,waz,pooled,literacy_No card with required language,0.4893438784678101,0.27409995706225054,-0.0478821655381762,1.0265699224737963,0.07421667596612803,36308,4426,0,model_specific_equal_total_country_weight,cluster_robust_country_psu,False,"{'child_sex': {'reference': 'Male', 'reference_column': 'child_sex_Male'}, 'maternal_education': {'reference': 'No education', 'reference_column': 'maternal_education_No education'}, 'literacy': {'reference': 'Cannot read at all', 'reference_column': 'literacy_Cannot read at all'}, 'wealth_quintile': {'reference': 'Poorest', 'reference_column': 'wealth_quintile_Poorest'}, 'residence': {'reference': 'Rural', 'reference_column': 'residence_Rural'}}",37260,36308,952
household_wash_baseline,section_9_1_transparent_baseline_no_fe,waz,pooled,wealth_quintile_Middle,0.12156234607317379,0.03903937553716071,0.04504657604140476,0.1980781161049428,0.001846699727642536,36308,4426,0,model_specific_equal_total_country_weight,cluster_robust_country_psu,False,"{'child_sex': {'reference': 'Male', 'reference_column': 'child_sex_Male'}, 'maternal_education': {'reference': 'No education', 'reference_column': 'maternal_education_No education'}, 'literacy': {'reference': 'Cannot read at all', 'reference_column': 'literacy_Cannot read at all'}, 'wealth_quintile': {'reference': 'Poorest', 'reference_column': 'wealth_quintile_Poorest'}, 'residence': {'reference': 'Rural', 'reference_column': 'residence_Rural'}}",37260,36308,952
household_wash_baseline,section_9_1_transparent_baseline_no_fe,waz,pooled,wealth_quintile_Poorer,0.06440673672375175,0.03374482941094746,-0.0017319135861532386,0.13054538703365673,0.056308527034231344,36308,4426,0,model_specific_equal_total_country_weight,cluster_robust_country_psu,False,"{'child_sex': {'reference': 'Male', 'reference_column': 'child_sex_Male'}, 'maternal_education': {'reference': 'No education', 'reference_column': 'maternal_education_No education'}, 'literacy': {'reference': 'Cannot read at all', 'reference_column': 'literacy_Cannot read at all'}, 'wealth_quintile': {'reference': 'Poorest', 'reference_column': 'wealth_quintile_Poorest'}, 'residence': {'reference': 'Rural', 'reference_column': 'residence_Rural'}}",37260,36308,952
household_wash_baseline,section_9_1_transparent_baseline_no_fe,waz,pooled,wealth_quintile_Richer,0.15724307055763717,0.04628109412179646,0.06653379291380772,0.2479523482014666,0.0006798819256427862,36308,4426,0,model_specific_equal_total_country_weight,cluster_robust_country_psu,False,"{'child_sex': {'reference': 'Male', 'reference_column': 'child_sex_Male'}, 'maternal_education': {'reference': 'No education', 'reference_column': 'maternal_education_No education'}, 'literacy': {'reference': 'Cannot read at all', 'reference_column': 'literacy_Cannot read at all'}, 'wealth_quintile': {'reference': 'Poorest', 'reference_column': 'wealth_quintile_Poorest'}, 'residence': {'reference': 'Rural', 'reference_column': 'residence_Rural'}}",37260,36308,952
household_wash_baseline,section_9_1_transparent_baseline_no_fe,waz,pooled,wealth_quintile_Richest,0.40409484174819743,0.059932651145617535,0.28662900400478386,0.521560679491611,1.557031764710721e-11,36308,4426,0,model_specific_equal_total_country_weight,cluster_robust_country_psu,False,"{'child_sex': {'reference': 'Male', 'reference_column': 'child_sex_Male'}, 'maternal_education': {'reference': 'No education', 'reference_column': 'maternal_education_No education'}, 'literacy': {'reference': 'Cannot read at all', 'reference_column': 'literacy_Cannot read at all'}, 'wealth_quintile': {'reference': 'Poorest', 'reference_column': 'wealth_quintile_Poorest'}, 'residence': {'reference': 'Rural', 'reference_column': 'residence_Rural'}}",37260,36308,952
household_wash_baseline,section_9_1_transparent_baseline_no_fe,waz,pooled,residence_Urban,-0.0641708666286693,0.03162112975347198,-0.1261471420959423,-0.0021945911613963087,0.04242095780252693,36308,4426,0,model_specific_equal_total_country_weight,cluster_robust_country_psu,False,"{'child_sex': {'reference': 'Male', 'reference_column': 'child_sex_Male'}, 'maternal_education': {'reference': 'No education', 'reference_column': 'maternal_education_No education'}, 'literacy': {'reference': 'Cannot read at all', 'reference_column': 'literacy_Cannot read at all'}, 'wealth_quintile': {'reference': 'Poorest', 'reference_column': 'wealth_quintile_Poorest'}, 'residence': {'reference': 'Rural', 'reference_column': 'residence_Rural'}}",37260,36308,952
household_wash_baseline,section_9_1_transparent_baseline_no_fe,whz,pooled,const,-0.29428362920951623,0.08721229424769204,-0.46521658494410234,-0.12335067347493009,0.000739938521621256,36145,4426,0,model_specific_equal_total_country_weight,cluster_robust_country_psu,False,"{'child_sex': {'reference': 'Male', 'reference_column': 'child_sex_Male'}, 'maternal_education': {'reference': 'No education', 'reference_column': 'maternal_education_No education'}, 'literacy': {'reference': 'Cannot read at all', 'reference_column': 'literacy_Cannot read at all'}, 'wealth_quintile': {'reference': 'Poorest', 'reference_column': 'wealth_quintile_Poorest'}, 'residence': {'reference': 'Rural', 'reference_column': 'residence_Rural'}}",37088,36145,943
household_wash_baseline,section_9_1_transparent_baseline_no_fe,whz,pooled,_water_hh_binary,0.0015364466840869684,0.035186452036868876,-0.06742773205192205,0.07050062542009598,0.9651707531209742,36145,4426,0,model_specific_equal_total_country_weight,cluster_robust_country_psu,False,"{'child_sex': {'reference': 'Male', 'reference_column': 'child_sex_Male'}, 'maternal_education': {'reference': 'No education', 'reference_column': 'maternal_education_No education'}, 'literacy': {'reference': 'Cannot read at all', 'reference_column': 'literacy_Cannot read at all'}, 'wealth_quintile': {'reference': 'Poorest', 'reference_column': 'wealth_quintile_Poorest'}, 'residence': {'reference': 'Rural', 'reference_column': 'residence_Rural'}}",37088,36145,943
household_wash_baseline,section_9_1_transparent_baseline_no_fe,whz,pooled,_sanitation_hh_binary,0.018674154064571156,0.028165107670704823,-0.036528442590703106,0.07387675071984542,0.5073149168542126,36145,4426,0,model_specific_equal_total_country_weight,cluster_robust_country_psu,False,"{'child_sex': {'reference': 'Male', 'reference_column': 'child_sex_Male'}, 'maternal_education': {'reference': 'No education', 'reference_column': 'maternal_education_No education'}, 'literacy': {'reference': 'Cannot read at all', 'reference_column': 'literacy_Cannot read at all'}, 'wealth_quintile': {'reference': 'Poorest', 'reference_column': 'wealth_quintile_Poorest'}, 'residence': {'reference': 'Rural', 'reference_column': 'residence_Rural'}}",37088,36145,943
household_wash_baseline,section_9_1_transparent_baseline_no_fe,whz,pooled,b19_raw,-0.0038044708853143525,0.0006564840773896966,-0.005091156033422164,-0.0025177857372065417,6.823091524141504e-09,36145,4426,0,model_specific_equal_total_country_weight,cluster_robust_country_psu,False,"{'child_sex': {'reference': 'Male', 'reference_column': 'child_sex_Male'}, 'maternal_education': {'reference': 'No education', 'reference_column': 'maternal_education_No education'}, 'literacy': {'reference': 'Cannot read at all', 'reference_column': 'literacy_Cannot read at all'}, 'wealth_quintile': {'reference': 'Poorest', 'reference_column': 'wealth_quintile_Poorest'}, 'residence': {'reference': 'Rural', 'reference_column': 'residence_Rural'}}",37088,36145,943
household_wash_baseline,section_9_1_transparent_baseline_no_fe,whz,pooled,birth_order_raw,0.007098628082810762,0.008826199255567635,-0.010200404578476038,0.02439766074409756,0.4212423150861392,36145,4426,0,model_specific_equal_total_country_weight,cluster_robust_country_psu,False,"{'child_sex': {'reference': 'Male', 'reference_column': 'child_sex_Male'}, 'maternal_education': {'reference': 'No education', 'reference_column': 'maternal_education_No education'}, 'literacy': {'reference': 'Cannot read at all', 'reference_column': 'literacy_Cannot read at all'}, 'wealth_quintile': {'reference': 'Poorest', 'reference_column': 'wealth_quintile_Poorest'}, 'residence': {'reference': 'Rural', 'reference_column': 'residence_Rural'}}",37088,36145,943
household_wash_baseline,section_9_1_transparent_baseline_no_fe,whz,pooled,maternal_age,-0.002833421942926273,0.0026545925237921723,-0.008036327683188217,0.0023694837973356714,0.2858065717400292,36145,4426,0,model_specific_equal_total_country_weight,cluster_robust_country_psu,False,"{'child_sex': {'reference': 'Male', 'reference_column': 'child_sex_Male'}, 'maternal_education': {'reference': 'No education', 'reference_column': 'maternal_education_No education'}, 'literacy': {'reference': 'Cannot read at all', 'reference_column': 'literacy_Cannot read at all'}, 'wealth_quintile': {'reference': 'Poorest', 'reference_column': 'wealth_quintile_Poorest'}, 'residence': {'reference': 'Rural', 'reference_column': 'residence_Rural'}}",37088,36145,943
household_wash_baseline,section_9_1_transparent_baseline_no_fe,whz,pooled,household_size_raw,-0.0068036014942750205,0.00403172655233131,-0.01470564033235823,0.0010984373438081884,0.09150425082931472,36145,4426,0,model_specific_equal_total_country_weight,cluster_robust_country_psu,False,"{'child_sex': {'reference': 'Male', 'reference_column': 'child_sex_Male'}, 'maternal_education': {'reference': 'No education', 'reference_column': 'maternal_education_No education'}, 'literacy': {'reference': 'Cannot read at all', 'reference_column': 'literacy_Cannot read at all'}, 'wealth_quintile': {'reference': 'Poorest', 'reference_column': 'wealth_quintile_Poorest'}, 'residence': {'reference': 'Rural', 'reference_column': 'residence_Rural'}}",37088,36145,943
household_wash_baseline,section_9_1_transparent_baseline_no_fe,whz,pooled,child_sex_Female,0.033301969479069375,0.019874012668467854,-0.005650379579420391,0.07225431853755915,0.09380597850121176,36145,4426,0,model_specific_equal_total_country_weight,cluster_robust_country_psu,False,"{'child_sex': {'reference': 'Male', 'reference_column': 'child_sex_Male'}, 'maternal_education': {'reference': 'No education', 'reference_column': 'maternal_education_No education'}, 'literacy': {'reference': 'Cannot read at all', 'reference_column': 'literacy_Cannot read at all'}, 'wealth_quintile': {'reference': 'Poorest', 'reference_column': 'wealth_quintile_Poorest'}, 'residence': {'reference': 'Rural', 'reference_column': 'residence_Rural'}}",37088,36145,943
household_wash_baseline,section_9_1_transparent_baseline_no_fe,whz,pooled,maternal_education_Higher,0.07403974187610624,0.05967421190879934,-0.04291956427095166,0.19099904802316414,0.2147045360775076,36145,4426,0,model_specific_equal_total_country_weight,cluster_robust_country_psu,False,"{'child_sex': {'reference': 'Male', 'reference_column': 'child_sex_Male'}, 'maternal_education': {'reference': 'No education', 'reference_column': 'maternal_education_No education'}, 'literacy': {'reference': 'Cannot read at all', 'reference_column': 'literacy_Cannot read at all'}, 'wealth_quintile': {'reference': 'Poorest', 'reference_column': 'wealth_quintile_Poorest'}, 'residence': {'reference': 'Rural', 'reference_column': 'residence_Rural'}}",37088,36145,943
household_wash_baseline,section_9_1_transparent_baseline_no_fe,whz,pooled,maternal_education_Primary,0.1290994108350018,0.04372352385320854,0.04340287880553509,0.2147959428644685,0.0031507884232050386,36145,4426,0,model_specific_equal_total_country_weight,cluster_robust_country_psu,False,"{'child_sex': {'reference': 'Male', 'reference_column': 'child_sex_Male'}, 'maternal_education': {'reference': 'No education', 'reference_column': 'maternal_education_No education'}, 'literacy': {'reference': 'Cannot read at all', 'reference_column': 'literacy_Cannot read at all'}, 'wealth_quintile': {'reference': 'Poorest', 'reference_column': 'wealth_quintile_Poorest'}, 'residence': {'reference': 'Rural', 'reference_column': 'residence_Rural'}}",37088,36145,943
household_wash_baseline,section_9_1_transparent_baseline_no_fe,whz,pooled,maternal_education_Secondary,-0.04543285212668133,0.0495760536214892,-0.14260013172042668,0.051734427467064026,0.3594427886105376,36145,4426,0,model_specific_equal_total_country_weight,cluster_robust_country_psu,False,"{'child_sex': {'reference': 'Male', 'reference_column': 'child_sex_Male'}, 'maternal_education': {'reference': 'No education', 'reference_column': 'maternal_education_No education'}, 'literacy': {'reference': 'Cannot read at all', 'reference_column': 'literacy_Cannot read at all'}, 'wealth_quintile': {'reference': 'Poorest', 'reference_column': 'wealth_quintile_Poorest'}, 'residence': {'reference': 'Rural', 'reference_column': 'residence_Rural'}}",37088,36145,943
household_wash_baseline,section_9_1_transparent_baseline_no_fe,whz,pooled,literacy_Able to read only parts of sentence,0.03540956769731259,0.04749434859704252,-0.05767764502208119,0.12849678041670637,0.45593731036105345,36145,4426,0,model_specific_equal_total_country_weight,cluster_robust_country_psu,False,"{'child_sex': {'reference': 'Male', 'reference_column': 'child_sex_Male'}, 'maternal_education': {'reference': 'No education', 'reference_column': 'maternal_education_No education'}, 'literacy': {'reference': 'Cannot read at all', 'reference_column': 'literacy_Cannot read at all'}, 'wealth_quintile': {'reference': 'Poorest', 'reference_column': 'wealth_quintile_Poorest'}, 'residence': {'reference': 'Rural', 'reference_column': 'residence_Rural'}}",37088,36145,943
household_wash_baseline,section_9_1_transparent_baseline_no_fe,whz,pooled,literacy_Able to read whole sentence,0.15070870305234388,0.044308681904629464,0.06386528231682852,0.23755212378785923,0.0006705741638842736,36145,4426,0,model_specific_equal_total_country_weight,cluster_robust_country_psu,False,"{'child_sex': {'reference': 'Male', 'reference_column': 'child_sex_Male'}, 'maternal_education': {'reference': 'No education', 'reference_column': 'maternal_education_No education'}, 'literacy': {'reference': 'Cannot read at all', 'reference_column': 'literacy_Cannot read at all'}, 'wealth_quintile': {'reference': 'Poorest', 'reference_column': 'wealth_quintile_Poorest'}, 'residence': {'reference': 'Rural', 'reference_column': 'residence_Rural'}}",37088,36145,943
household_wash_baseline,section_9_1_transparent_baseline_no_fe,whz,pooled,literacy_Blind/visually impaired,0.23194886441471027,0.2251678986465153,-0.20937210740702486,0.6732698362364454,0.30295595269055664,36145,4426,0,model_specific_equal_total_country_weight,cluster_robust_country_psu,False,"{'child_sex': {'reference': 'Male', 'reference_column': 'child_sex_Male'}, 'maternal_education': {'reference': 'No education', 'reference_column': 'maternal_education_No education'}, 'literacy': {'reference': 'Cannot read at all', 'reference_column': 'literacy_Cannot read at all'}, 'wealth_quintile': {'reference': 'Poorest', 'reference_column': 'wealth_quintile_Poorest'}, 'residence': {'reference': 'Rural', 'reference_column': 'residence_Rural'}}",37088,36145,943
household_wash_baseline,section_9_1_transparent_baseline_no_fe,whz,pooled,literacy_No card with required language,0.5803174797069769,0.2890357049974694,0.013817907665793161,1.1468170517481606,0.04466764169130759,36145,4426,0,model_specific_equal_total_country_weight,cluster_robust_country_psu,False,"{'child_sex': {'reference': 'Male', 'reference_column': 'child_sex_Male'}, 'maternal_education': {'reference': 'No education', 'reference_column': 'maternal_education_No education'}, 'literacy': {'reference': 'Cannot read at all', 'reference_column': 'literacy_Cannot read at all'}, 'wealth_quintile': {'reference': 'Poorest', 'reference_column': 'wealth_quintile_Poorest'}, 'residence': {'reference': 'Rural', 'reference_column': 'residence_Rural'}}",37088,36145,943
household_wash_baseline,section_9_1_transparent_baseline_no_fe,whz,pooled,wealth_quintile_Middle,0.1670514890111505,0.04114188144143743,0.08641488312971628,0.2476880948925847,4.899384895930708e-05,36145,4426,0,model_specific_equal_total_country_weight,cluster_robust_country_psu,False,"{'child_sex': {'reference': 'Male', 'reference_column': 'child_sex_Male'}, 'maternal_education': {'reference': 'No education', 'reference_column': 'maternal_education_No education'}, 'literacy': {'reference': 'Cannot read at all', 'reference_column': 'literacy_Cannot read at all'}, 'wealth_quintile': {'reference': 'Poorest', 'reference_column': 'wealth_quintile_Poorest'}, 'residence': {'reference': 'Rural', 'reference_column': 'residence_Rural'}}",37088,36145,943
household_wash_baseline,section_9_1_transparent_baseline_no_fe,whz,pooled,wealth_quintile_Poorer,0.1392506936083566,0.036200008677344686,0.06829998036072357,0.21020140685598962,0.00011971778775279596,36145,4426,0,model_specific_equal_total_country_weight,cluster_robust_country_psu,False,"{'child_sex': {'reference': 'Male', 'reference_column': 'child_sex_Male'}, 'maternal_education': {'reference': 'No education', 'reference_column': 'maternal_education_No education'}, 'literacy': {'reference': 'Cannot read at all', 'reference_column': 'literacy_Cannot read at all'}, 'wealth_quintile': {'reference': 'Poorest', 'reference_column': 'wealth_quintile_Poorest'}, 'residence': {'reference': 'Rural', 'reference_column': 'residence_Rural'}}",37088,36145,943
household_wash_baseline,section_9_1_transparent_baseline_no_fe,whz,pooled,wealth_quintile_Richer,0.14824331619284956,0.04723493383225128,0.055664547069504536,0.2408220853161946,0.001698581644872135,36145,4426,0,model_specific_equal_total_country_weight,cluster_robust_country_psu,False,"{'child_sex': {'reference': 'Male', 'reference_column': 'child_sex_Male'}, 'maternal_education': {'reference': 'No education', 'reference_column': 'maternal_education_No education'}, 'literacy': {'reference': 'Cannot read at all', 'reference_column': 'literacy_Cannot read at all'}, 'wealth_quintile': {'reference': 'Poorest', 'reference_column': 'wealth_quintile_Poorest'}, 'residence': {'reference': 'Rural', 'reference_column': 'residence_Rural'}}",37088,36145,943
household_wash_baseline,section_9_1_transparent_baseline_no_fe,whz,pooled,wealth_quintile_Richest,0.27792071423597337,0.06189236521749353,0.15661390749168652,0.3992275209802602,7.109365711736335e-06,36145,4426,0,model_specific_equal_total_country_weight,cluster_robust_country_psu,False,"{'child_sex': {'reference': 'Male', 'reference_column': 'child_sex_Male'}, 'maternal_education': {'reference': 'No education', 'reference_column': 'maternal_education_No education'}, 'literacy': {'reference': 'Cannot read at all', 'reference_column': 'literacy_Cannot read at all'}, 'wealth_quintile': {'reference': 'Poorest', 'reference_column': 'wealth_quintile_Poorest'}, 'residence': {'reference': 'Rural', 'reference_column': 'residence_Rural'}}",37088,36145,943
household_wash_baseline,section_9_1_transparent_baseline_no_fe,whz,pooled,residence_Urban,-0.11755355151372007,0.03712603752863991,-0.19031924795853672,-0.04478785506890341,0.0015437176116515205,36145,4426,0,model_specific_equal_total_country_weight,cluster_robust_country_psu,False,"{'child_sex': {'reference': 'Male', 'reference_column': 'child_sex_Male'}, 'maternal_education': {'reference': 'No education', 'reference_column': 'maternal_education_No education'}, 'literacy': {'reference': 'Cannot read at all', 'reference_column': 'literacy_Cannot read at all'}, 'wealth_quintile': {'reference': 'Poorest', 'reference_column': 'wealth_quintile_Poorest'}, 'residence': {'reference': 'Rural', 'reference_column': 'residence_Rural'}}",37088,36145,943
